Measure Code,Parent Description,Description,2011,2015,2016,2017,2018,2019,2020,2021,2022,2023,2024
ERP_P_20,Estimated resident population - year ended 30 June,Estimated resident population (no.),,,,,9657,9894,9980,9953,10003,10179,
ERP_21,Estimated resident population - year ended 30 June,Population density (persons/km2),,,,,2124.5,2176.6,2195.5,2189.6,2200.6,2239.3,
ERP_M_20,Estimated resident population - year ended 30 June,Estimated resident population - males (no.),,,,,4574,4677,4714,4708,4778,4881,
ERP_F_20,Estimated resident population - year ended 30 June,Estimated resident population - females (no.),,,,,5083,5217,5266,5245,5225,5298,
ERP_19,Estimated resident population - year ended 30 June,Median age - males (years),,,,,38.4,38.6,38.7,39,38.7,38.2,
ERP_22,Estimated resident population - year ended 30 June,Median age - females (years),,,,,42.8,42.6,42.5,42.6,42,41.5,
ERP_23,Estimated resident population - year ended 30 June,Median age - persons (years),,,,,40.6,40.5,40.7,41,40.4,39.9,
ERP_18,Estimated resident population - year ended 30 June,Working age population (aged 15-64 years) (no.),,,,,5847,5983,6024,5961,6121,6331,
ERP_17,Estimated resident population - year ended 30 June,Working age population (aged 15-64 years) (%),,,,,60.5,60.5,60.4,59.9,61.2,62.2,
ERP_M_2,Estimated resident population - Males - year ended 30 June,Males - 0-4 years (no.),,,,,308,310,299,294,284,283,
ERP_M_3,Estimated resident population - Males - year ended 30 June,Males - 5-9 years (no.),,,,,282,279,267,259,290,279,
ERP_M_4,Estimated resident population - Males - year ended 30 June,Males - 10-14 years (no.),,,,,254,268,291,302,288,300,
ERP_M_5,Estimated resident population - Males - year ended 30 June,Males - 15-19 years (no.),,,,,249,268,282,293,301,323,
ERP_M_6,Estimated resident population - Males - year ended 30 June,Males - 20-24 years (no.),,,,,304,302,295,294,330,354,
ERP_M_7,Estimated resident population - Males - year ended 30 June,Males - 25-29 years (no.),,,,,306,307,304,282,285,290,
ERP_M_8,Estimated resident population - Males - year ended 30 June,Males - 30-34 years (no.),,,,,358,360,344,322,311,344,
ERP_M_9,Estimated resident population - Males - year ended 30 June,Males - 35-39 years (no.),,,,,334,337,344,372,398,415,
ERP_M_10,Estimated resident population - Males - year ended 30 June,Males - 40-44 years (no.),,,,,296,313,324,310,337,369,
ERP_M_11,Estimated resident population - Males - year ended 30 June,Males - 45-49 years (no.),,,,,271,274,283,283,308,291,
ERP_M_12,Estimated resident population - Males - year ended 30 June,Males - 50-54 years (no.),,,,,257,261,272,265,262,280,
ERP_M_13,Estimated resident population - Males - year ended 30 June,Males - 55-59 years (no.),,,,,239,247,245,255,236,222,
ERP_M_14,Estimated resident population - Males - year ended 30 June,Males - 60-64 years (no.),,,,,230,242,235,221,218,236,
ERP_M_15,Estimated resident population - Males - year ended 30 June,Males - 65-69 years (no.),,,,,228,225,227,226,233,228,
ERP_M_16,Estimated resident population - Males - year ended 30 June,Males - 70-74 years (no.),,,,,225,227,232,229,199,198,
ERP_M_17,Estimated resident population - Males - year ended 30 June,Males - 75-79 years (no.),,,,,150,159,169,189,207,185,
ERP_M_18,Estimated resident population - Males - year ended 30 June,Males - 80-84 years (no.),,,,,127,133,137,139,138,136,
ERP_M_19,Estimated resident population - Males - year ended 30 June,Males - 85 and over (no.),,,,,156,165,164,173,153,148,
ERP_M_21,Estimated resident population - Males - year ended 30 June,Males - 0-4 years (%),,,,,6.7,6.6,6.3,6.2,5.9,5.8,
ERP_M_22,Estimated resident population - Males - year ended 30 June,Males - 5-9 years (%),,,,,6.2,6,5.7,5.5,6.1,5.7,
ERP_M_23,Estimated resident population - Males - year ended 30 June,Males - 10-14 years (%),,,,,5.6,5.7,6.2,6.4,6,6.1,
ERP_M_24,Estimated resident population - Males - year ended 30 June,Males - 15-19 years (%),,,,,5.4,5.7,6,6.2,6.3,6.6,
ERP_M_25,Estimated resident population - Males - year ended 30 June,Males - 20-24 years (%),,,,,6.6,6.5,6.3,6.2,6.9,7.3,
ERP_M_26,Estimated resident population - Males - year ended 30 June,Males - 25-29 years (%),,,,,6.7,6.6,6.4,6,6,5.9,
ERP_M_27,Estimated resident population - Males - year ended 30 June,Males - 30-34 years (%),,,,,7.8,7.7,7.3,6.8,6.5,7,
ERP_M_28,Estimated resident population - Males - year ended 30 June,Males - 35-39 years (%),,,,,7.3,7.2,7.3,7.9,8.3,8.5,
ERP_M_29,Estimated resident population - Males - year ended 30 June,Males - 40-44 years (%),,,,,6.5,6.7,6.9,6.6,7.1,7.6,
ERP_M_30,Estimated resident population - Males - year ended 30 June,Males - 45-49 years (%),,,,,5.9,5.9,6,6,6.4,6,
ERP_M_31,Estimated resident population - Males - year ended 30 June,Males - 50-54 years (%),,,,,5.6,5.6,5.8,5.6,5.5,5.7,
ERP_M_32,Estimated resident population - Males - year ended 30 June,Males - 55-59 years (%),,,,,5.2,5.3,5.2,5.4,4.9,4.5,
ERP_M_33,Estimated resident population - Males - year ended 30 June,Males - 60-64 years (%),,,,,5,5.2,5,4.7,4.6,4.8,
ERP_M_34,Estimated resident population - Males - year ended 30 June,Males - 65-69 years (%),,,,,5,4.8,4.8,4.8,4.9,4.7,
ERP_M_35,Estimated resident population - Males - year ended 30 June,Males - 70-74 years (%),,,,,4.9,4.9,4.9,4.9,4.2,4.1,
ERP_M_36,Estimated resident population - Males - year ended 30 June,Males - 75-79 years (%),,,,,3.3,3.4,3.6,4,4.3,3.8,
ERP_M_37,Estimated resident population - Males - year ended 30 June,Males - 80-84 years (%),,,,,2.8,2.8,2.9,3,2.9,2.8,
ERP_M_38,Estimated resident population - Males - year ended 30 June,Males - 85 and over (%),,,,,3.4,3.5,3.5,3.7,3.2,3,
ERP_F_2,Estimated resident population - Females - year ended 30 June,Females - 0-4 years (no.),,,,,296,295,294,284,268,279,
ERP_F_3,Estimated resident population - Females - year ended 30 June,Females - 5-9 years (no.),,,,,270,292,295,309,284,271,
ERP_F_4,Estimated resident population - Females - year ended 30 June,Females - 10-14 years (no.),,,,,235,254,270,269,276,305,
ERP_F_5,Estimated resident population - Females - year ended 30 June,Females - 15-19 years (no.),,,,,240,245,262,267,285,297,
ERP_F_6,Estimated resident population - Females - year ended 30 June,Females - 20-24 years (no.),,,,,299,307,293,294,289,277,
ERP_F_7,Estimated resident population - Females - year ended 30 June,Females - 25-29 years (no.),,,,,319,320,312,293,299,306,
ERP_F_8,Estimated resident population - Females - year ended 30 June,Females - 30-34 years (no.),,,,,366,357,345,330,355,375,
ERP_F_9,Estimated resident population - Females - year ended 30 June,Females - 35-39 years (no.),,,,,345,375,398,385,409,400,
ERP_F_10,Estimated resident population - Females - year ended 30 June,Females - 40-44 years (no.),,,,,310,333,339,347,333,392,
ERP_F_11,Estimated resident population - Females - year ended 30 June,Females - 45-49 years (no.),,,,,291,299,319,324,329,339,
ERP_F_12,Estimated resident population - Females - year ended 30 June,Females - 50-54 years (no.),,,,,282,281,286,288,288,273,
ERP_F_13,Estimated resident population - Females - year ended 30 June,Females - 55-59 years (no.),,,,,279,272,271,270,283,280,
ERP_F_14,Estimated resident population - Females - year ended 30 June,Females - 60-64 years (no.),,,,,272,283,271,266,265,268,
ERP_F_15,Estimated resident population - Females - year ended 30 June,Females - 65-69 years (no.),,,,,256,254,265,265,253,250,
ERP_F_16,Estimated resident population - Females - year ended 30 June,Females - 70-74 years (no.),,,,,254,259,257,244,241,253,
ERP_F_17,Estimated resident population - Females - year ended 30 June,Females - 75-79 years (no.),,,,,233,237,231,252,243,221,
ERP_F_18,Estimated resident population - Females - year ended 30 June,Females - 80-84 years (no.),,,,,202,216,229,220,213,216,
ERP_F_19,Estimated resident population - Females - year ended 30 June,Females - 85 and over (no.),,,,,334,338,329,338,312,296,
ERP_F_21,Estimated resident population - Females - year ended 30 June,Females - 0-4 years (%),,,,,5.8,5.7,5.6,5.4,5.1,5.3,
ERP_F_22,Estimated resident population - Females - year ended 30 June,Females - 5-9 years (%),,,,,5.3,5.6,5.6,5.9,5.4,5.1,
ERP_F_23,Estimated resident population - Females - year ended 30 June,Females - 10-14 years (%),,,,,4.6,4.9,5.1,5.1,5.3,5.8,
ERP_F_24,Estimated resident population - Females - year ended 30 June,Females - 15-19 years (%),,,,,4.7,4.7,5,5.1,5.5,5.6,
ERP_F_25,Estimated resident population - Females - year ended 30 June,Females - 20-24 years (%),,,,,5.9,5.9,5.6,5.6,5.5,5.2,
ERP_F_26,Estimated resident population - Females - year ended 30 June,Females - 25-29 years (%),,,,,6.3,6.1,5.9,5.6,5.7,5.8,
ERP_F_27,Estimated resident population - Females - year ended 30 June,Females - 30-34 years (%),,,,,7.2,6.8,6.6,6.3,6.8,7.1,
ERP_F_28,Estimated resident population - Females - year ended 30 June,Females - 35-39 years (%),,,,,6.8,7.2,7.6,7.3,7.8,7.6,
ERP_F_29,Estimated resident population - Females - year ended 30 June,Females - 40-44 years (%),,,,,6.1,6.4,6.4,6.6,6.4,7.4,
ERP_F_30,Estimated resident population - Females - year ended 30 June,Females - 45-49 years (%),,,,,5.7,5.7,6.1,6.2,6.3,6.4,
ERP_F_31,Estimated resident population - Females - year ended 30 June,Females - 50-54 years (%),,,,,5.5,5.4,5.4,5.5,5.5,5.2,
ERP_F_32,Estimated resident population - Females - year ended 30 June,Females - 55-59 years (%),,,,,5.5,5.2,5.1,5.1,5.4,5.3,
ERP_F_33,Estimated resident population - Females - year ended 30 June,Females - 60-64 years (%),,,,,5.4,5.4,5.1,5.1,5.1,5.1,
ERP_F_34,Estimated resident population - Females - year ended 30 June,Females - 65-69 years (%),,,,,5,4.9,5,5.1,4.8,4.7,
ERP_F_35,Estimated resident population - Females - year ended 30 June,Females - 70-74 years (%),,,,,5,5,4.9,4.7,4.6,4.8,
ERP_F_36,Estimated resident population - Females - year ended 30 June,Females - 75-79 years (%),,,,,4.6,4.5,4.4,4.8,4.7,4.2,
ERP_F_37,Estimated resident population - Females - year ended 30 June,Females - 80-84 years (%),,,,,4,4.1,4.3,4.2,4.1,4.1,
ERP_F_38,Estimated resident population - Females - year ended 30 June,Females - 85 and over (%),,,,,6.6,6.5,6.2,6.4,6,5.6,
ERP_P_2,Estimated resident population - Persons - year ended 30 June,Persons - 0-4 years (no.),,,,,604,605,593,578,552,562,
ERP_P_3,Estimated resident population - Persons - year ended 30 June,Persons - 5-9 years (no.),,,,,552,571,562,568,574,550,
ERP_P_4,Estimated resident population - Persons - year ended 30 June,Persons - 10-14 years (no.),,,,,489,522,561,571,564,605,
ERP_P_5,Estimated resident population - Persons - year ended 30 June,Persons - 15-19 years (no.),,,,,489,513,544,560,586,620,
ERP_P_6,Estimated resident population - Persons - year ended 30 June,Persons - 20-24 years (no.),,,,,603,609,588,588,619,631,
ERP_P_7,Estimated resident population - Persons - year ended 30 June,Persons - 25-29 years (no.),,,,,625,627,616,575,584,596,
ERP_P_8,Estimated resident population - Persons - year ended 30 June,Persons - 30-34 years (no.),,,,,724,717,689,652,666,719,
ERP_P_9,Estimated resident population - Persons - year ended 30 June,Persons - 35-39 years (no.),,,,,679,712,742,757,807,815,
ERP_P_10,Estimated resident population - Persons - year ended 30 June,Persons - 40-44 years (no.),,,,,606,646,663,657,670,761,
ERP_P_11,Estimated resident population - Persons - year ended 30 June,Persons - 45-49 years (no.),,,,,562,573,602,607,637,630,
ERP_P_12,Estimated resident population - Persons - year ended 30 June,Persons - 50-54 years (no.),,,,,539,542,558,553,550,553,
ERP_P_13,Estimated resident population - Persons - year ended 30 June,Persons - 55-59 years (no.),,,,,518,519,516,525,519,502,
ERP_P_14,Estimated resident population - Persons - year ended 30 June,Persons - 60-64 years (no.),,,,,502,525,506,487,483,504,
ERP_P_15,Estimated resident population - Persons - year ended 30 June,Persons - 65-69 years (no.),,,,,484,479,492,491,486,478,
ERP_P_16,Estimated resident population - Persons - year ended 30 June,Persons - 70-74 years (no.),,,,,479,486,489,473,440,451,
ERP_P_17,Estimated resident population - Persons - year ended 30 June,Persons - 75-79 years (no.),,,,,383,396,400,441,450,406,
ERP_P_18,Estimated resident population - Persons - year ended 30 June,Persons - 80-84 years (no.),,,,,329,349,366,359,351,352,
ERP_P_19,Estimated resident population - Persons - year ended 30 June,Persons - 85 and over (no.),,,,,490,503,493,511,465,444,
ERP_P_21,Estimated resident population - Persons - year ended 30 June,Persons - 0-4 years (%),,,,,6.3,6.1,5.9,5.8,5.5,5.5,
ERP_P_22,Estimated resident population - Persons - year ended 30 June,Persons - 5-9 years (%),,,,,5.7,5.8,5.6,5.7,5.7,5.4,
ERP_P_23,Estimated resident population - Persons - year ended 30 June,Persons - 10-14 years (%),,,,,5.1,5.3,5.6,5.7,5.6,5.9,
ERP_P_24,Estimated resident population - Persons - year ended 30 June,Persons - 15-19 years (%),,,,,5.1,5.2,5.5,5.6,5.9,6.1,
ERP_P_25,Estimated resident population - Persons - year ended 30 June,Persons - 20-24 years (%),,,,,6.2,6.2,5.9,5.9,6.2,6.2,
ERP_P_26,Estimated resident population - Persons - year ended 30 June,Persons - 25-29 years (%),,,,,6.5,6.3,6.2,5.8,5.8,5.9,
ERP_P_27,Estimated resident population - Persons - year ended 30 June,Persons - 30-34 years (%),,,,,7.5,7.2,6.9,6.6,6.7,7.1,
ERP_P_28,Estimated resident population - Persons - year ended 30 June,Persons - 35-39 years (%),,,,,7,7.2,7.4,7.6,8.1,8,
ERP_P_29,Estimated resident population - Persons - year ended 30 June,Persons - 40-44 years (%),,,,,6.3,6.5,6.6,6.6,6.7,7.5,
ERP_P_30,Estimated resident population - Persons - year ended 30 June,Persons - 45-49 years (%),,,,,5.8,5.8,6,6.1,6.4,6.2,
ERP_P_31,Estimated resident population - Persons - year ended 30 June,Persons - 50-54 years (%),,,,,5.6,5.5,5.6,5.6,5.5,5.4,
ERP_P_32,Estimated resident population - Persons - year ended 30 June,Persons - 55-59 years (%),,,,,5.4,5.2,5.2,5.3,5.2,4.9,
ERP_P_33,Estimated resident population - Persons - year ended 30 June,Persons - 60-64 years (%),,,,,5.2,5.3,5.1,4.9,4.8,5,
ERP_P_34,Estimated resident population - Persons - year ended 30 June,Persons - 65-69 years (%),,,,,5,4.8,4.9,4.9,4.9,4.7,
ERP_P_35,Estimated resident population - Persons - year ended 30 June,Persons - 70-74 years (%),,,,,5,4.9,4.9,4.8,4.4,4.4,
ERP_P_36,Estimated resident population - Persons - year ended 30 June,Persons - 75-79 years (%),,,,,4,4,4,4.4,4.5,4,
ERP_P_37,Estimated resident population - Persons - year ended 30 June,Persons - 80-84 years (%),,,,,3.4,3.5,3.7,3.6,3.5,3.5,
ERP_P_38,Estimated resident population - Persons - year ended 30 June,Persons - 85 and over (%),,,,,5.1,5.1,4.9,5.1,4.6,4.4,
BD_2,Births and deaths - year ended 31 December,Births (no.),,,,115,116,128,105,106,106,,
BD_3,Births and deaths - year ended 31 December,Total fertility rate (births per female) (rate),,,,1.82,1.8,1.76,1.7,1.67,1.57,,
BD_4,Births and deaths - year ended 31 December,Deaths (no.),,,,119,126,135,117,127,162,,
BD_5,Births and deaths - year ended 31 December,"Standardised death rate (per 1,000 people) (rate)",,,,5.4,5.6,5.7,5.8,5.4,5.9,,
MIGRATION_2,Internal and overseas migration - year ended 30 June,Internal arrivals (no.),,,,,,,,,1315,1108,
MIGRATION_3,Internal and overseas migration - year ended 30 June,Internal departures (no.),,,,,,,,,1255,1008,
MIGRATION_4,Internal and overseas migration - year ended 30 June,Net internal migration (no.),,,,,,,,,60,100,
MIGRATION_5,Internal and overseas migration - year ended 30 June,Overseas arrivals (no.),,,,,,,,,104,180,
MIGRATION_6,Internal and overseas migration - year ended 30 June,Overseas departures (no.),,,,,,,,,54,57,
MIGRATION_7,Internal and overseas migration - year ended 30 June,Net overseas migration (no.),,,,,,,,,50,123,
CENSUS_34,Aboriginal and Torres Strait Islander Peoples - Census,Aboriginal and Torres Strait Islander Peoples (no.),40,,106,,,,,140,,,
CENSUS_2,Aboriginal and Torres Strait Islander Peoples - Census,Aboriginal and Torres Strait Islander Peoples (%),0.5,,1.2,,,,,1.4,,,
CENSUS_4,Overseas born population - Census,Born in Oceania and Antarctica (excluding Australia) (%),,,6.1,,,,,6,,,
CENSUS_5,Overseas born population - Census,Born in North-West Europe (%),,,5.4,,,,,4.9,,,
CENSUS_6,Overseas born population - Census,Born in Southern and Eastern Europe (%),,,2.4,,,,,2,,,
CENSUS_7,Overseas born population - Census,Born in North Africa and the Middle East (%),,,1,,,,,1.4,,,
CENSUS_8,Overseas born population - Census,Born in South-East Asia (%),,,3.4,,,,,3.6,,,
CENSUS_9,Overseas born population - Census,Born in North-East Asia (%),,,3,,,,,3,,,
CENSUS_10,Overseas born population - Census,Born in Southern and Central Asia (%),,,5.7,,,,,7.7,,,
CENSUS_11,Overseas born population - Census,Born in Americas (%),,,0.9,,,,,1.1,,,
CENSUS_12,Overseas born population - Census,Born in Sub-Saharan Africa (%),,,2.5,,,,,2.5,,,
CENSUS_35,Overseas born population - Census,Total born overseas (no.),,,2728,,,,,3168,,,
CENSUS_13,Overseas born population - Census,Total born overseas (%),,,30.2,,,,,32.2,,,
CENSUS_15,Religious affiliation - Census,Buddhism (%),1.9,,1.9,,,,,1.6,,,
CENSUS_16,Religious affiliation - Census,Christianity (%),70.5,,60.7,,,,,51.9,,,
CENSUS_17,Religious affiliation - Census,Hinduism (%),2.4,,3.9,,,,,5.6,,,
CENSUS_18,Religious affiliation - Census,Islam (%),0.9,,1.3,,,,,1.5,,,
CENSUS_19,Religious affiliation - Census,Judaism (%),0.1,,0.1,,,,,,,,
CENSUS_20,Religious affiliation - Census,Other religions (%),1.4,,1.7,,,,,2.1,,,
CENSUS_40,Religious affiliation - Census,"Secular beliefs, other spiritual beliefs or no religion (%)",16,,22.1,,,,,31.7,,,
CENSUS_22,Religious affiliation - Census,Religious affiliation inadequately described or not stated (%),6.8,,8.4,,,,,5.6,,,
CENSUS_36,Australian citizenship - Census,Australian citizen (no.),6626,,7593,,,,,8402,,,
CENSUS_37,Australian citizenship - Census,Not an Australian citizen (no.),818,,957,,,,,1127,,,
CENSUS_38,Australian citizenship - Census,Australian citizenship not stated (no.),323,,491,,,,,311,,,
CENSUS_29,Australian citizenship - Census,Australian citizen (%),85.3,,84.1,,,,,85.4,,,
CENSUS_30,Australian citizenship - Census,Not an Australian citizen (%),10.5,,10.6,,,,,11.4,,,
CENSUS_31,Australian citizenship - Census,Australian citizenship not stated (%),4.2,,5.4,,,,,3.2,,,
CENSUS_39,Speaks a language other than English at home - Census,Speaks a language other than English at home (no.),1338,,1858,,,,,2362,,,
CENSUS_33,Speaks a language other than English at home - Census,Speaks a language other than English at home (%),17.2,,20.6,,,,,24,,,
ADFS_2,Australian Defence Force service - Persons aged 15 years and over - Census,Currently serving in the Australian Defence Force (no.),,,,,,,,102,,,
ADFS_3,Australian Defence Force service - Persons aged 15 years and over - Census,Previously served in the Australian Defence Force (no.),,,,,,,,262,,,
ADFS_4,Australian Defence Force service - Persons aged 15 years and over - Census,Currently serving in the Australian Defence Force (%),,,,,,,,1.3,,,
ADFS_5,Australian Defence Force service - Persons aged 15 years and over - Census,Previously served in the Australian Defence Force (%),,,,,,,,3.2,,,
ING_ERP_P,Estimated resident Aboriginal and Torres Strait Islander population - at 30 June,Estimated resident Aboriginal and Torres Strait Islander population (no.),,,,,,,,147,,,
ING_LANG1,Language - Census,Speakers of an Aboriginal or Torres Strait Islander language who identify as Aboriginal and/or Torres Strait Islander (%),0,,0,,,,,5.2,,,
ING_LANG2,Language - Census,Speaks English at home (%),100,,98,,,,,89.6,,,
ING_EETP1,"Engagement in employment, education or training - Census",Fully engaged (%),64,,51.9,,,,,52.6,,,
ING_EETP2,"Engagement in employment, education or training - Census",Partially or at least partially engaged (%),32,,28.4,,,,,26.8,,,
ING_EETP3,"Engagement in employment, education or training - Census",Not engaged (%),12,,21,,,,,17.5,,,
ING_EMP1,Labour force status - Census,Employed (no.),19,,52,,,,,77,,,
ING_EMP2,Labour force status - Census,% of total labour force employed,100,,80,,,,,98.7,,,
ING_UNEMP1,Labour force status - Census,Unemployed (no.),0,,6,,,,,0,,,
ING_UNEMP2,Labour force status - Census,% of total labour force unemployed,0,,9.2,,,,,0,,,
ING_LABF,Labour force status - Census,In the labour force (no.),19,,65,,,,,78,,,
ING_LFPR,Labour force status - Census,Labour force participation rate (%),73.1,,85.5,,,,,86.7,,,
ING_NILF,Labour force status - Census,Not in the labour force (%),26.9,,17.1,,,,,11.1,,,
ING_1564,Labour force status - Census,Total responding population aged 15-64 years (no.),26,,76,,,,,90,,,
ING_EMP3,Labour force status - Census,% of total Census responding population employed,73.1,,68.4,,,,,85.6,,,
ING_UA1,Unpaid assistance to a person with a disability - Census,Provided unpaid assistance (no.),3,,5,,,,,13,,,
ING_UA2,Unpaid assistance to a person with a disability - Census,Provided unpaid assistance (%),12,,6.3,,,,,13.8,,,
ING_UPCC1,Unpaid child care - Census,Cared for own child/children (no.),9,,13,,,,,22,,,
ING_UPCC2,Unpaid child care - Census,Cared for own child/children (%),36,,16.5,,,,,23.4,,,
ING_UPCC3,Unpaid child care - Census,Cared for other child/children (no.),0,,7,,,,,16,,,
ING_UPCC4,Unpaid child care - Census,Cared for other child/children (%),0,,8.9,,,,,17,,,
ING_UPCC5,Unpaid child care - Census,Total provided unpaid child care (no.),7,,20,,,,,38,,,
ING_UPCC6,Unpaid child care - Census,Total provided unpaid child care (%),28,,25.3,,,,,40.4,,,
ING_UPCC7,Unpaid child care - Census,Did not provide unpaid child care (no.),13,,62,,,,,55,,,
ING_UPCC8,Unpaid child care - Census,Did not provide unpaid child care (%),52,,78.5,,,,,58.5,,,
ING_VOLWP1,Voluntary work for an organisation or group - Census,Volunteered for an organisation or group (no.),3,,14,,,,,10,,,
ING_VOLWP2,Voluntary work for an organisation or group - Census,Volunteered for an organisation or group (%),12,,17.7,,,,,10.6,,,
ING_TTYPE1,Tenure type - Census,Owner with or without a mortgage (or being purchased under a shared equity scheme) (no.),18,,18,,,,,35,,,
ING_TTYPE2,Tenure type - Census,Owner with or without a mortgage (or being purchased under a shared equity scheme) (%),40.9,,19.1,,,,,25.9,,,
ING_TTYPE3,Tenure type - Census,Renter (no.),23,,68,,,,,97,,,
ING_TTYPE4,Tenure type - Census,Renter (%),52.3,,72.3,,,,,71.9,,,
ING_YR12C3P1,Closing the Gap Target 5 - People aged 20-24 years - Census,Attained Year 12 or equivalent or Certificate III or above (no.),3,,15,,,,,10,,,
ING_YR12C3P2,Closing the Gap Target 5 - People aged 20-24 years - Census,Attained Year 12 or equivalent or Certificate III or above (%),100,,100,,,,,76.9,,,
ING_YR12C3P3,Closing the Gap Target 5 - People aged 20-24 years - Census,Total applicable population aged 20-24 years (no.),3,,15,,,,,13,,,
ING_HEAP1,Closing the Gap Target 6 - People aged 25-34 years - Census,Completed tertiary qualification of Certificate III or above (no.),4,,11,,,,,24,,,
ING_HEAP2,Closing the Gap Target 6 - People aged 25-34 years - Census,Completed tertiary qualification of Certificate III or above (%),100,,61.1,,,,,85.7,,,
ING_HEAP3,Closing the Gap Target 6 - People aged 25-34 years - Census,Total applicable population aged 25-34 years (no.),4,,18,,,,,28,,,
ING_EETPH1,Closing the Gap Target 7 - People aged 15-24 years - Census,"Fully engaged in employment, education or training (no.)",8,,19,,,,,12,,,
ING_EETPH2,Closing the Gap Target 7 - People aged 15-24 years - Census,"Fully engaged in employment, education or training (%)",100,,57.6,,,,,54.5,,,
ING_EETPH3,Closing the Gap Target 7 - People aged 15-24 years - Census,Total applicable population aged 15-24 years (no.),8,,33,,,,,22,,,
ING_LFSP1,Closing the Gap Target 8 - People aged 25-64 years - Census,Employed (no.),8,,31,,,,,62,,,
ING_LFSP2,Closing the Gap Target 8 - People aged 25-64 years - Census,Employed (%),53.3,,73.8,,,,,87.3,,,
ING_LFSP3,Closing the Gap Target 8 - People aged 25-64 years - Census,Total applicable population aged 25-64 years (no.),15,,42,,,,,71,,,
ING_HOSD1,Closing the Gap Target 9A - Census,Living in a dwelling with no additional bedrooms required (appropriately sized) (no.),37,,79,,,,,115,,,
ING_HOSD2,Closing the Gap Target 9A - Census,Living in a dwelling with no additional bedrooms required (appropriately sized) (%),84.1,,100,,,,,96.6,,,
ING_HOSD3,Closing the Gap Target 9A - Census,Living in a dwelling requiring one additional bedroom (no.),0,,0,,,,,6,,,
ING_HOSD4,Closing the Gap Target 9A - Census,Living in a dwelling requiring one additional bedroom (%),0,,0,,,,,5,,,
ING_HOSD5,Closing the Gap Target 9A - Census,Living in a dwelling requiring two additional bedrooms (no.),0,,0,,,,,0,,,
ING_HOSD6,Closing the Gap Target 9A - Census,Living in a dwelling requiring two additional bedrooms (%),0,,0,,,,,0,,,
ING_HOSD7,Closing the Gap Target 9A - Census,Living in a dwelling requiring three additional bedrooms (no.),0,,0,,,,,0,,,
ING_HOSD8,Closing the Gap Target 9A - Census,Living in a dwelling requiring three additional bedrooms (%),0,,0,,,,,0,,,
ING_HOSD9,Closing the Gap Target 9A - Census,Living in a dwelling requiring four or more additional bedrooms (no.),0,,0,,,,,0,,,
ING_HOSD10,Closing the Gap Target 9A - Census,Living in a dwelling requiring four or more additional bedrooms (%),0,,0,,,,,0,,,
ING_HOSD11,Closing the Gap Target 9A - Census,Total people living in applicable dwellings (no.),44,,79,,,,,119,,,
CABEE_2,Number of businesses - at 30 June,Number of non-employing businesses,,,,,,446,464,415,436,455,
CABEE_3,Number of businesses - at 30 June,Number of employing businesses: 1-4 employees,,,,,,166,157,179,189,176,
CABEE_4,Number of businesses - at 30 June,Number of employing businesses: 5-19 employees,,,,,,49,43,49,45,48,
CABEE_38,Number of businesses - at 30 June,Number of employing businesses: 20 or more employees,,,,,,6,6,7,10,13,
CABEE_5,Number of businesses - at 30 June,Total number of businesses,,,,,,667,670,650,680,692,
CABEE_7,Business entries - year ended 30 June,Number of non-employing business entries,,,,,,,87,67,96,77,
CABEE_8,Business entries - year ended 30 June,Number of employing business entries: 1-4 employees,,,,,,,21,29,35,37,
CABEE_9,Business entries - year ended 30 June,Number of employing business entries: 5-19 employees,,,,,,,,,,3,
CABEE_39,Business entries - year ended 30 June,Number of employing business entries: 20 or more employees,,,,,,,,3,,,
CABEE_10,Business entries - year ended 30 June,Total number of business entries,,,,,,,109,99,133,117,
CABEE_12,Business exits - year ended 30 June,Number of non-employing business exits,,,,,,,70,95,76,72,
CABEE_13,Business exits - year ended 30 June,Number of employing business exits: 1-4 employees,,,,,,,18,13,20,24,
CABEE_14,Business exits - year ended 30 June,Number of employing business exits: 5-19 employees,,,,,,,5,,3,,
CABEE_40,Business exits - year ended 30 June,Number of employing business exits: 20 or more employees,,,,,,,,,3,3,
CABEE_15,Business exits - year ended 30 June,Total number of business exits,,,,,,,93,110,98,99,
CABEE_19,Number of businesses by industry - at 30 June,"Agriculture, forestry and fishing (no.)",,,,,,8,9,8,4,3,
CABEE_27,Number of businesses by industry - at 30 June,Manufacturing (no.),,,,,,12,13,12,14,13,
CABEE_23,Number of businesses by industry - at 30 June,"Electricity, gas, water and waste services (no.)",,,,,,4,,3,,,
CABEE_21,Number of businesses by industry - at 30 June,Construction (no.),,,,,,83,91,86,87,86,
CABEE_37,Number of businesses by industry - at 30 June,Wholesale trade (no.),,,,,,19,16,17,21,17,
CABEE_34,Number of businesses by industry - at 30 June,Retail trade (no.),,,,,,38,38,39,43,44,
CABEE_17,Number of businesses by industry - at 30 June,Accommodation and food services (no.),,,,,,38,29,34,41,50,
CABEE_36,Number of businesses by industry - at 30 June,"Transport, postal and warehousing (no.)",,,,,,97,106,98,96,95,
CABEE_26,Number of businesses by industry - at 30 June,Information media and telecommunications (no.),,,,,,,3,3,4,4,
CABEE_24,Number of businesses by industry - at 30 June,Financial and insurance services (no.),,,,,,25,23,22,24,26,
CABEE_33,Number of businesses by industry - at 30 June,"Rental, hiring and real estate services (no.)",,,,,,90,91,83,83,85,
CABEE_31,Number of businesses by industry - at 30 June,"Professional, scientific and technical services (no.)",,,,,,100,103,102,103,107,
CABEE_18,Number of businesses by industry - at 30 June,Administrative and support services (no.),,,,,,39,36,34,32,31,
CABEE_32,Number of businesses by industry - at 30 June,Public administration and safety (no.),,,,,,,,,,3,
CABEE_22,Number of businesses by industry - at 30 June,Education and training (no.),,,,,,11,11,9,10,11,
CABEE_25,Number of businesses by industry - at 30 June,Health care and social assistance (no.),,,,,,70,66,69,76,74,
CABEE_20,Number of businesses by industry - at 30 June,Arts and recreation services (no.),,,,,,8,8,8,11,10,
CABEE_30,Number of businesses by industry - at 30 June,Other services (no.),,,,,,22,25,24,30,34,
CABEE_29,Number of businesses by industry - at 30 June,Currently unknown (no.),,,,,,3,,3,3,3,
CABEE_42,Number of businesses by turnover - at 30 June,Number of businesses with turnover of zero to less than $50k,,,,,,236,222,226,212,225,
CABEE_43,Number of businesses by turnover - at 30 June,Number of businesses with turnover of $50k to less than $200k,,,,,,221,230,214,231,231,
CABEE_44,Number of businesses by turnover - at 30 June,Number of businesses with turnover of $200k to less than $2m,,,,,,192,197,195,210,207,
CABEE_45,Number of businesses by turnover - at 30 June,Number of businesses with turnover of $2m to less than $5m,,,,,,11,14,9,19,22,
CABEE_46,Number of businesses by turnover - at 30 June,Number of businesses with turnover of $5m to less than $10m,,,,,,4,5,4,6,,
CABEE_47,Number of businesses by turnover - at 30 June,Number of businesses with turnover of $10m or more,,,,,,3,3,,,5,
CABEE_50,Business entries by turnover - year ended 30 June,Number of business entries with turnover of zero to less than $50k,,,,,,,49,48,52,55,
CABEE_51,Business entries by turnover - year ended 30 June,Number of business entries with turnover of $50k to less than $200k,,,,,,,44,33,55,43,
CABEE_52,Business entries by turnover - year ended 30 June,Number of business entries with turnover of $200k to less than $2m,,,,,,,16,18,25,19,
CABEE_53,Business entries by turnover - year ended 30 June,Number of business entries with turnover of $2m to less than $5m,,,,,,,,,3,,
CABEE_58,Business exits by turnover - year ended 30 June,Number of business exits with turnover of zero to less than $50k,,,,,,,47,59,58,38,
CABEE_59,Business exits by turnover - year ended 30 June,Number of business exits with turnover of $50k to less than $200k,,,,,,,23,39,28,35,
CABEE_60,Business exits by turnover - year ended 30 June,Number of business exits with turnover of $200k to less than $2m,,,,,,,22,9,8,22,
CABEE_61,Business exits by turnover - year ended 30 June,Number of business exits with turnover of $2m to less than $5m,,,,,,,,,3,,
BUILDING_2,Building approvals - year ended 30 June,Private sector houses (no.),,,,,,9,4,13,2,32,74
BUILDING_3,Building approvals - year ended 30 June,Private sector dwellings excluding houses (no.),,,,,,1,,18,41,44,39
BUILDING_12,Building approvals - year ended 30 June,Total private sector dwelling units (no.),,,,,,10,4,31,43,76,113
BUILDING_4,Building approvals - year ended 30 June,Total dwelling units (no.),,,,,,10,4,31,43,76,113
BUILDING_5,Building approvals - year ended 30 June,Value of private sector houses ($m),,,,,,3,2,6,2,17,40
BUILDING_6,Building approvals - year ended 30 June,Value of private sector dwellings excluding houses ($m),,,,,,,,6,13,18,18
BUILDING_7,Building approvals - year ended 30 June,Total value of private sector dwelling units ($m),,,,,,3,2,11,15,35,58
BUILDING_8,Building approvals - year ended 30 June,Value of residential building ($m),,,,,,4,3,12,16,36,59
BUILDING_9,Building approvals - year ended 30 June,Value of non-residential building ($m),,,,,,4,4,3,43,6,1
BUILDING_10,Building approvals - year ended 30 June,Value of total building ($m),,,,,,8,6,15,59,42,59
HOUSES_2,Residential property transfers - year ended 30 June,Number of established house transfers (no.),,,,,111,83,109,116,126,89,
HOUSES_3,Residential property transfers - year ended 30 June,Median price of established house transfers ($),,,,,620000,633000,645000,700000,947500,917500,
HOUSES_4,Residential property transfers - year ended 30 June,Number of attached dwelling transfers (no.),,,,,31,63,49,87,134,107,
HOUSES_5,Residential property transfers - year ended 30 June,Median price of attached dwelling transfers ($),,,,,385000,381000,360000,391000,460000,540000,
EMP_IND_2,Industry of employment - Persons aged 15 years and over - Census,"Agriculture, forestry and fishing (%)",0.1,,0.4,,,,,0.1,,,
EMP_IND_3,Industry of employment - Persons aged 15 years and over - Census,Mining (%),1.1,,0.9,,,,,1.2,,,
EMP_IND_4,Industry of employment - Persons aged 15 years and over - Census,Manufacturing (%),6.4,,4.6,,,,,4.1,,,
EMP_IND_5,Industry of employment - Persons aged 15 years and over - Census,"Electricity, gas, water and waste services (%)",1.5,,1.6,,,,,1.5,,,
EMP_IND_6,Industry of employment - Persons aged 15 years and over - Census,Construction (%),6.9,,6.6,,,,,7,,,
EMP_IND_7,Industry of employment - Persons aged 15 years and over - Census,Wholesale trade (%),4,,2.4,,,,,2.3,,,
EMP_IND_8,Industry of employment - Persons aged 15 years and over - Census,Retail trade (%),10.3,,9.2,,,,,9.3,,,
EMP_IND_9,Industry of employment - Persons aged 15 years and over - Census,Accommodation and food services (%),5.9,,6.4,,,,,5.6,,,
EMP_IND_10,Industry of employment - Persons aged 15 years and over - Census,"Transport, postal and warehousing (%)",6.4,,6.6,,,,,6.7,,,
EMP_IND_11,Industry of employment - Persons aged 15 years and over - Census,Information media and telecommunications (%),1.3,,1.4,,,,,0.8,,,
EMP_IND_12,Industry of employment - Persons aged 15 years and over - Census,Financial and insurance services (%),3.4,,3.8,,,,,3.3,,,
EMP_IND_13,Industry of employment - Persons aged 15 years and over - Census,"Rental, hiring and real estate services (%)",2,,1.8,,,,,1.5,,,
EMP_IND_14,Industry of employment - Persons aged 15 years and over - Census,"Professional, scientific and technical services (%)",8.4,,8.4,,,,,9.2,,,
EMP_IND_15,Industry of employment - Persons aged 15 years and over - Census,Administrative and support services (%),3.5,,2.8,,,,,2.8,,,
EMP_IND_16,Industry of employment - Persons aged 15 years and over - Census,Public administration and safety (%),10,,10.1,,,,,8.9,,,
EMP_IND_17,Industry of employment - Persons aged 15 years and over - Census,Education and training (%),7.8,,8.9,,,,,9,,,
EMP_IND_18,Industry of employment - Persons aged 15 years and over - Census,Health care and social assistance (%),14.1,,15.4,,,,,18.6,,,
EMP_IND_19,Industry of employment - Persons aged 15 years and over - Census,Arts and recreation services (%),1.7,,1.5,,,,,1.2,,,
EMP_IND_20,Industry of employment - Persons aged 15 years and over - Census,Other services (%),3.5,,3.2,,,,,3,,,
EMP_IND_22,Industry of employment - Persons aged 15 years and over - Census,Industry of employment inadequately described or not stated (%),1.9,,4.2,,,,,3.6,,,
EMP_IND_21,Industry of employment - Persons aged 15 years and over - Census,Total persons employed aged 15 years and over (no.),3832,,4302,,,,,4763,,,
DWELLSTOCK_2,Estimated dwelling stock - as at June quarter,Houses - additions (no.),,,,51,16,9,9,4,27,,
DWELLSTOCK_3,Estimated dwelling stock - as at June quarter,Houses - removals (no.),,,,3,7,5,2,3,7,,
DWELLSTOCK_4,Estimated dwelling stock - as at June quarter,Houses - total (no.),,,,2567,2576,2580,2587,2588,2608,,
DWELLSTOCK_5,Estimated dwelling stock - as at June quarter,Townhouses - additions (no.),,,,95,68,116,,1,6,,
DWELLSTOCK_7,Estimated dwelling stock - as at June quarter,Townhouses - total (no.),,,,1026,1094,1210,1210,1211,1217,,
DWELLSTOCK_8,Estimated dwelling stock - as at June quarter,Apartments - additions (no.),,,,,,1,,,,,
DWELLSTOCK_10,Estimated dwelling stock - as at June quarter,Apartments - total (no.),,,,42,42,43,43,43,43,,
DWELLSTOCK_11,Estimated dwelling stock - as at June quarter,Total dwelling additions (no.),,,,146,84,126,9,5,33,,
DWELLSTOCK_12,Estimated dwelling stock - as at June quarter,Total dwelling removals (no.),,,,3,7,5,2,3,7,,
DWELLSTOCK_13,Estimated dwelling stock - as at June quarter,Total dwellings (no.),,,,3635,3712,3833,3840,3842,3868,,
INCOME_4,Personal income in Australia - year ended 30 June,Employee income earners (no.),,,4650,4880,4925,5011,5145,,,,
INCOME_20,Personal income in Australia - year ended 30 June,Employee income earners - median age (years),,,38,39,39,39,39,,,,
INCOME_3,Personal income in Australia - year ended 30 June,Total employee income ($m),,,296.9,314.5,329.9,335.5,351.5,,,,
INCOME_2,Personal income in Australia - year ended 30 June,Median employee income ($),,,55556,57710,59594,60000,60664,,,,
INCOME_21,Personal income in Australia - year ended 30 June,Mean employee income ($),,,63840,64454,66984,66946,68312,,,,
INCOME_22,Personal income in Australia - year ended 30 June,Employee income as main source of income (%),,,74,74.7,75.8,75.4,75.6,,,,
INCOME_7,Personal income in Australia - year ended 30 June,Own unincorporated business income earners (no.),,,624,643,616,661,684,,,,
INCOME_23,Personal income in Australia - year ended 30 June,Own unincorporated business income earners - median age (years),,,45,45,45,45,45,,,,
INCOME_6,Personal income in Australia - year ended 30 June,Total own unincorporated business income ($m),,,14.3,15,15.3,16.8,19.7,,,,
INCOME_5,Personal income in Australia - year ended 30 June,Median own unincorporated business income ($),,,10836,10927,12307,11874,11595,,,,
INCOME_24,Personal income in Australia - year ended 30 June,Mean own unincorporated business income ($),,,22904,23358,24804,25462,28851,,,,
INCOME_25,Personal income in Australia - year ended 30 June,Own unincorporated business income as main source of income (%),,,5.2,5.3,5.1,5.1,5.7,,,,
INCOME_10,Personal income in Australia - year ended 30 June,Investment income earners (no.),,,4240,4253,4233,4357,4247,,,,
INCOME_26,Personal income in Australia - year ended 30 June,Investment income earners - median age (years),,,47,47,47,46,46,,,,
INCOME_9,Personal income in Australia - year ended 30 June,Total investment income ($m),,,35,32.5,31.6,34.7,34,,,,
INCOME_8,Personal income in Australia - year ended 30 June,Median investment income ($),,,349,300,247,241,213,,,,
INCOME_27,Personal income in Australia - year ended 30 June,Mean investment income ($),,,8259,7647,7466,7964,8005,,,,
INCOME_28,Personal income in Australia - year ended 30 June,Investment income as main source of income (%),,,17.6,16.7,16.1,16.5,15.8,,,,
INCOME_13,Personal income in Australia - year ended 30 June,Superannuation and annuity income earners (no.),,,236,236,235,231,202,,,,
INCOME_29,Personal income in Australia - year ended 30 June,Superannuation and annuity income earners - median age (years),,,61,61,61,62,61,,,,
INCOME_12,Personal income in Australia - year ended 30 June,Total superannuation and annuity income ($m),,,6.2,7.3,7,6.6,6.7,,,,
INCOME_11,Personal income in Australia - year ended 30 June,Median superannuation and annuity income ($),,,20106,22104,23663,24341,26489,,,,
INCOME_30,Personal income in Australia - year ended 30 June,Mean superannuation and annuity income ($),,,26129,31070,29976,28640,32937,,,,
INCOME_31,Personal income in Australia - year ended 30 June,Superannuation and annuity income as main source of income (%),,,2.4,2.4,2.3,2.3,2.1,,,,
INCOME_19,Personal income in Australia - year ended 30 June,Total income earners (excl. Government pensions and allowances) (no.),,,5522,5720,5800,5875,6017,,,,
INCOME_35,Personal income in Australia - year ended 30 June,Total income earners (excl. Government pensions and allowances) - median age (years),,,43,43,43,43,43,,,,
INCOME_18,Personal income in Australia - year ended 30 June,Total income (excl. Government pensions and allowances) ($m),,,340.8,358.3,369.4,380.4,399,,,,
INCOME_17,Personal income in Australia - year ended 30 June,Median total income (excl. Government pensions and allowances) ($),,,51706,53046,53678,55417,56034,,,,
INCOME_36,Personal income in Australia - year ended 30 June,Mean total income (excl. Government pensions and allowances) ($),,,61718,62632,63681,64751,66320,,,,
INCOME_37,Personal income in Australia - year ended 30 June,Total income (excl. Government pensions and allowances) - p80/P20 ratio,,,5.01,5.11,5.1,5.03,5.09,,,,
INCOME_38,Personal income in Australia - year ended 30 June,Total income (excl. Government pensions and allowances) - p80/P50 ratio,,,1.81,1.79,1.82,1.8,1.82,,,,
INCOME_39,Personal income in Australia - year ended 30 June,Total income (excl. Government pensions and allowances) - p20/P50 ratio,,,0.36,0.35,0.36,0.36,0.36,,,,
INCOME_40,Personal income in Australia - year ended 30 June,Total income (excl. Government pensions and allowances) - p10/P50 ratio,,,0.13,0.14,0.14,0.13,0.14,,,,
INCOME_41,Personal income in Australia - year ended 30 June,Total income (excl. Government pensions and allowances) - gini coefficient,,,0.448,0.446,0.451,0.443,0.447,,,,
INCOME_42,Personal income in Australia - year ended 30 June,Total income (excl. Government pensions and allowances) - income share of top 1% of earners,,,6.2,6.1,6.4,5.9,6.3,,,,
INCOME_43,Personal income in Australia - year ended 30 June,Total income (excl. Government pensions and allowances) - income share of top 5% of earners,,,18.6,18.3,18.7,17.9,18.3,,,,
INCOME_44,Personal income in Australia - year ended 30 June,Total income (excl. Government pensions and allowances) - income share of top 10% of earners,,,29.5,29.2,29.6,28.8,29.3,,,,
INCOME_45,Personal income in Australia - year ended 30 June,Total income (excl. Government pensions and allowances) - lowest Quartile (%),,,23.6,23.7,23.6,24.1,24.5,,,,
INCOME_46,Personal income in Australia - year ended 30 June,Total income (excl. Government pensions and allowances) - second Quartile (%),,,22.8,22,23.4,22.4,22.3,,,,
INCOME_47,Personal income in Australia - year ended 30 June,Total income (excl. Government pensions and allowances) - third Quartile (%),,,26.1,27.1,25.8,26.9,26.9,,,,
INCOME_48,Personal income in Australia - year ended 30 June,Total income (excl. Government pensions and allowances) - highest Quartile (%),,,27.6,27.3,27.2,26.6,26.3,,,,
CAPGAINS_1,Gross capital gains - year ended 30 June,Persons who reported gross capital gains (no.),,,,,,,568,759,832,,
CAPGAINS_2,Gross capital gains - year ended 30 June,Total value of gross capital gains ($m),,,,,,,10.8,20.7,38.4,,
CAPGAINS_3,Gross capital gains - year ended 30 June,Median value of gross capital gains ($),,,,,,,2581,2799,2684,,
CAPGAINS_4,Gross capital gains - year ended 30 June,Mean value of gross capital gains ($),,,,,,,18974,27248,46097,,
PERSINC_2,Total personal income (weekly) - Persons aged 15 years and over - Census,$1-$499 per week (%),,,24.4,,,,,23.5,,,
PERSINC_3,Total personal income (weekly) - Persons aged 15 years and over - Census,$500-$999 per week (%),,,23.9,,,,,21.7,,,
PERSINC_4,Total personal income (weekly) - Persons aged 15 years and over - Census,$1000-$1999 per week (%),,,26.9,,,,,29.3,,,
PERSINC_5,Total personal income (weekly) - Persons aged 15 years and over - Census,$2000-$2999 per week (%),,,6,,,,,8.6,,,
PERSINC_6,Total personal income (weekly) - Persons aged 15 years and over - Census,$3000 or more per week (%),,,3.2,,,,,4.2,,,
PERSINC_7,Total personal income (weekly) - Persons aged 15 years and over - Census,Nil income (%),,,7,,,,,7.7,,,
PERSINC_8,Total personal income (weekly) - Persons aged 15 years and over - Census,Negative income (%),,,0.3,,,,,0.4,,,
PERSINC_9,Total personal income (weekly) - Persons aged 15 years and over - Census,Income inadequately described or not stated (%),,,8.3,,,,,4.7,,,
EQUIV_2,Equivalised total household income (weekly) - Census,Median equivalised total household income (weekly) ($),886,,1031,,,,,1168,,,
EQUIV_3,Equivalised total household income (weekly) - Census,$1-$499 per week (%),,,13.7,,,,,11.6,,,
EQUIV_4,Equivalised total household income (weekly) - Census,$500-$999 per week (%),,,29.5,,,,,24.9,,,
EQUIV_5,Equivalised total household income (weekly) - Census,$1000-$1999 per week (%),,,36.4,,,,,40.2,,,
EQUIV_6,Equivalised total household income (weekly) - Census,$2000-$2999 per week (%),,,8.3,,,,,11.6,,,
EQUIV_7,Equivalised total household income (weekly) - Census,$3000 or more per week (%),,,2.5,,,,,3.8,,,
EQUIV_8,Equivalised total household income (weekly) - Census,Nil income (%),,,0.9,,,,,1.5,,,
EQUIV_9,Equivalised total household income (weekly) - Census,Partial income stated (%),,,7,,,,,5,,,
EQUIV_10,Equivalised total household income (weekly) - Census,All incomes not stated (%),,,1.8,,,,,1.6,,,
PRESCH_2,Children enrolled in a preschool or preschool program (4 and 5 year olds),4 year olds enrolled in preschool or preschool program (no.),,,,,116,106,96,114,84,126,
PRESCH_3,Children enrolled in a preschool or preschool program (4 and 5 year olds),5 year olds enrolled in preschool or preschool program (no.),,,,,10,14,11,14,16,7,
PRESCH_5,Children enrolled in a preschool or preschool program (4 and 5 year olds),Children enrolled in preschool (no.),,,,,33,34,34,36,26,34,
PRESCH_6,Children enrolled in a preschool or preschool program (4 and 5 year olds),Children enrolled in preschool program within centre based day care (no.),,,,,92,70,78,86,76,83,
PRESCH_7,Children enrolled in a preschool or preschool program (4 and 5 year olds),Children enrolled across more than one provider type (no.),,,,,4,8,,3,4,16,
PRESCH_8,Children enrolled in a preschool or preschool program (4 and 5 year olds),Children enrolled in a preschool or preschool program (no.),,,,,131,118,109,127,104,130,
PRESCH_10,Children attending a preschool or preschool program (4 and 5 year olds),Children attending preschool for less than 15 hours (no.),,,,,19,15,15,16,3,20,
PRESCH_11,Children attending a preschool or preschool program (4 and 5 year olds),Children attending preschool for 15 hours or more (no.),,,,,113,100,93,113,100,111,
HELP_2,Higher Education Loan Program (HELP) - year ended 30 June,Persons who made a HELP repayment (no.),,,,,,,484,505,534,,
LEED_2,Jobs in Australia - year ended 30 June,Number of jobs held by females,,,3425,3526,3551,3705,3785,4019,,,
LEED_3,Jobs in Australia - year ended 30 June,Number of jobs held by males,,,3541,3727,3658,3715,3692,3916,,,
LEED_4,Jobs in Australia - year ended 30 June,Number of jobs,,,6967,7260,7204,7417,7477,7937,,,
LEED_5,Jobs in Australia - year ended 30 June,"Number of employee jobs - agriculture, forestry and fishing",,,22,23,11,14,16,25,,,
LEED_6,Jobs in Australia - year ended 30 June,Number of employee jobs - mining,,,52,49,51,49,61,77,,,
LEED_7,Jobs in Australia - year ended 30 June,Number of employee jobs - manufacturing,,,280,299,286,277,265,285,,,
LEED_8,Jobs in Australia - year ended 30 June,"Number of employee jobs - electricity, gas, water and waste services",,,73,67,73,76,75,82,,,
LEED_9,Jobs in Australia - year ended 30 June,Number of employee jobs - construction,,,330,412,406,362,369,415,,,
LEED_10,Jobs in Australia - year ended 30 June,Number of employee jobs - wholesale trade,,,239,254,245,255,251,264,,,
LEED_11,Jobs in Australia - year ended 30 June,Number of employee jobs - retail trade,,,587,605,615,614,650,680,,,
LEED_12,Jobs in Australia - year ended 30 June,Number of employee jobs - accommodation and food services,,,481,435,481,439,467,583,,,
LEED_13,Jobs in Australia - year ended 30 June,"Number of employee jobs - transport, postal and warehousing",,,265,235,242,256,280,280,,,
LEED_14,Jobs in Australia - year ended 30 June,Number of employee jobs - information media and telecommunications,,,62,67,75,77,72,72,,,
LEED_15,Jobs in Australia - year ended 30 June,Number of employee jobs - finance and insurance services,,,280,299,270,292,282,300,,,
LEED_16,Jobs in Australia - year ended 30 June,"Number of employee jobs - rental, hiring and real estate services",,,123,118,117,115,114,134,,,
LEED_17,Jobs in Australia - year ended 30 June,"Number of employee jobs - professional, scientific and technical services",,,582,622,602,615,633,613,,,
LEED_18,Jobs in Australia - year ended 30 June,Number of employee jobs - administrative and support services,,,484,525,544,604,588,657,,,
LEED_19,Jobs in Australia - year ended 30 June,Number of employee jobs - public administration and safety,,,509,567,523,603,552,530,,,
LEED_20,Jobs in Australia - year ended 30 June,Number of employee jobs - education and training,,,590,596,588,574,585,606,,,
LEED_21,Jobs in Australia - year ended 30 June,Number of employee jobs - health care and social assistance,,,892,954,981,1015,1051,1196,,,
LEED_22,Jobs in Australia - year ended 30 June,Number of employee jobs - arts and recreation services,,,147,142,121,141,137,128,,,
LEED_23,Jobs in Australia - year ended 30 June,Number of employee jobs - other services,,,171,200,166,195,194,200,,,
LEED_24,Jobs in Australia - year ended 30 June,Number of employee jobs - total,,,6347,6619,6583,6755,6795,7224,,,
HIGH_2,Highest year of school completed - Persons aged 15 years and over who are no longer attending primary or secondary school - Census,Completed year 12 or equivalent (%),57.1,,61.3,,,,,67.9,,,
HIGH_3,Highest year of school completed - Persons aged 15 years and over who are no longer attending primary or secondary school - Census,Completed year 11 or equivalent (%),5.4,,4.7,,,,,4.6,,,
HIGH_4,Highest year of school completed - Persons aged 15 years and over who are no longer attending primary or secondary school - Census,Completed year 10 or equivalent (%),21.5,,18.1,,,,,16,,,
HIGH_5,Highest year of school completed - Persons aged 15 years and over who are no longer attending primary or secondary school - Census,Completed year 9 or equivalent (%),3,,2.3,,,,,2.1,,,
HIGH_6,Highest year of school completed - Persons aged 15 years and over who are no longer attending primary or secondary school - Census,Completed year 8 or below (%),6.3,,4.4,,,,,3.7,,,
HIGH_8,Highest year of school completed - Persons aged 15 years and over who are no longer attending primary or secondary school - Census,Highest year of school completed not stated (%),6.1,,8.4,,,,,4.9,,,
HIGH_7,Highest year of school completed - Persons aged 15 years and over who are no longer attending primary or secondary school - Census,Did not go to school (%),0.5,,0.7,,,,,0.8,,,
SCHOOL_2,Non-school qualifications - Persons aged 15 years and over - Census,Total persons with non-school qualification(s) (%),55.6,,63.6,,,,,63.9,,,
SCHOOL_3,Non-school qualifications - Persons aged 15 years and over - Census,Postgraduate degree (%),4.3,,6,,,,,6.8,,,
SCHOOL_4,Non-school qualifications - Persons aged 15 years and over - Census,Graduate diploma/graduate certificate (%),2,,2.6,,,,,3,,,
SCHOOL_5,Non-school qualifications - Persons aged 15 years and over - Census,Bachelor degree (%),16.4,,18.2,,,,,20.6,,,
SCHOOL_6,Non-school qualifications - Persons aged 15 years and over - Census,Advanced diploma/diploma (%),9.6,,10.1,,,,,10.6,,,
SCHOOL_7,Non-school qualifications - Persons aged 15 years and over - Census,Certificate (%),14.9,,16.2,,,,,16.1,,,
SCHOOL_9,Non-school qualifications - Persons aged 15 years and over - Census,Non-school qualification inadequately described (%),1.2,,0.9,,,,,0.7,,,
SCHOOL_10,Non-school qualifications - Persons aged 15 years and over - Census,Non-school qualification not stated (%),7.2,,9.6,,,,,6.1,,,
FIELD_2,Non-school qualification: field of study - Persons aged 15 years and over - Census,Natural and physical sciences (%),2.6,,2.6,,,,,2.7,,,
FIELD_3,Non-school qualification: field of study - Persons aged 15 years and over - Census,Information technology (%),3.8,,4,,,,,5.2,,,
FIELD_4,Non-school qualification: field of study - Persons aged 15 years and over - Census,Engineering and related technologies (%),15.6,,14.7,,,,,13.1,,,
FIELD_5,Non-school qualification: field of study - Persons aged 15 years and over - Census,Architecture and building (%),4.9,,4.6,,,,,3.9,,,
FIELD_6,Non-school qualification: field of study - Persons aged 15 years and over - Census,"Agriculture, environmental and related studies (%)",1,,0.6,,,,,1,,,
FIELD_7,Non-school qualification: field of study - Persons aged 15 years and over - Census,Health (%),11.9,,12.8,,,,,13.7,,,
FIELD_8,Non-school qualification: field of study - Persons aged 15 years and over - Census,Education (%),8.7,,7.7,,,,,8,,,
FIELD_9,Non-school qualification: field of study - Persons aged 15 years and over - Census,Management and commerce (%),21.5,,20.4,,,,,22.3,,,
FIELD_10,Non-school qualification: field of study - Persons aged 15 years and over - Census,Society and culture (%),10,,10.6,,,,,12.4,,,
FIELD_11,Non-school qualification: field of study - Persons aged 15 years and over - Census,Creative arts (%),2.3,,2.6,,,,,2.9,,,
FIELD_12,Non-school qualification: field of study - Persons aged 15 years and over - Census,"Food, hospitality and personal services (%)",4.4,,4.1,,,,,4.3,,,
FIELD_13,Non-school qualification: field of study - Persons aged 15 years and over - Census,Mixed field programmes (%),,,0.1,,,,,0.2,,,
FIELD_15,Non-school qualification: field of study - Persons aged 15 years and over - Census,Field of study inadequately described (%),1.2,,1.3,,,,,1.2,,,
FIELD_16,Non-school qualification: field of study - Persons aged 15 years and over - Census,Field of study not stated (%),11.9,,13.8,,,,,9.1,,,
YOUTH_2,Youth engagement in work/study - Persons aged 15-19 years - Census,Working full-time and studying part-time (%),1.1,,1.3,,,,,0.9,,,
YOUTH_3,Youth engagement in work/study - Persons aged 15-19 years - Census,Working part time and studying part-time (%),1.5,,1.6,,,,,1.6,,,
YOUTH_4,Youth engagement in work/study - Persons aged 15-19 years - Census,Working part-time and studying full-time (%),28.9,,31.5,,,,,27.3,,,
YOUTH_5,Youth engagement in work/study - Persons aged 15-19 years - Census,Working full-time (not studying) (%),6.8,,3.8,,,,,4.4,,,
YOUTH_6,Youth engagement in work/study - Persons aged 15-19 years - Census,Studying full-time (not working) (%),41.6,,45.4,,,,,45.6,,,
YOUTH_7,Youth engagement in work/study - Persons aged 15-19 years - Census,Working full-time and studying full-time (%),0.9,,,,,,,0.9,,,
YOUTH_10,Youth engagement in work/study - Persons aged 15-19 years - Census,Working (away from work) and studying full-time (%),2.6,,1.1,,,,,5.1,,,
YOUTH_11,Youth engagement in work/study - Persons aged 15-19 years - Census,Other fully engaged (%),1.1,,1.3,,,,,0.5,,,
YOUTH_8,Youth engagement in work/study - Persons aged 15-19 years - Census,Total fully engaged (%),85.1,,83.2,,,,,86.6,,,
YOUTH_9,Youth engagement in work/study - Persons aged 15-19 years - Census,Total persons aged 15-19 years (no.),457,,447,,,,,546,,,
LF_6,Labour force status - Persons aged 15 years and over - Census,Employed (no.),3832,,4302,,,,,4763,,,
LF_3,Labour force status - Persons aged 15 years and over - Census,Unemployed (no.),159,,261,,,,,185,,,
LF_2,Labour force status - Persons aged 15 years and over - Census,In the labour force (no.),3991,,4557,,,,,4950,,,
LF_4,Labour force status - Persons aged 15 years and over - Census,Unemployment rate (%),4,,5.7,,,,,3.7,,,
LF_5,Labour force status - Persons aged 15 years and over - Census,Participation rate (%),60.4,,60.1,,,,,60.7,,,
LF_7,Labour force status - Persons aged 15 years and over - Census,Not in the labour force (%),35.5,,34.8,,,,,35.5,,,
LF_8,Labour force status - Persons aged 15 years and over - Census,Labour force status not stated (%),4,,5,,,,,3.8,,,
LF_9,Labour force status - Persons aged 15 years and over - Census,Total persons aged 15 years and over (no.),6606,,7579,,,,,8157,,,
EMP_OCC_2,Occupation of employed persons - Persons aged 15 years and over - Census,Managers (%),12.7,,10.9,,,,,11.8,,,
EMP_OCC_3,Occupation of employed persons - Persons aged 15 years and over - Census,Professionals (%),24.6,,27.3,,,,,28.9,,,
EMP_OCC_4,Occupation of employed persons - Persons aged 15 years and over - Census,Technicians and trades workers (%),11.1,,11.2,,,,,10.3,,,
EMP_OCC_5,Occupation of employed persons - Persons aged 15 years and over - Census,Community and personal service workers (%),9.5,,10.4,,,,,12.4,,,
EMP_OCC_6,Occupation of employed persons - Persons aged 15 years and over - Census,Clerical and administrative workers (%),19.6,,17.5,,,,,14.6,,,
EMP_OCC_7,Occupation of employed persons - Persons aged 15 years and over - Census,Sales workers (%),10.7,,9.5,,,,,8.7,,,
EMP_OCC_8,Occupation of employed persons - Persons aged 15 years and over - Census,Machinery operators and drivers (%),4.2,,4.1,,,,,4.9,,,
EMP_OCC_9,Occupation of employed persons - Persons aged 15 years and over - Census,Labourers (%),5.9,,7.1,,,,,6.6,,,
EMP_OCC_10,Occupation of employed persons - Persons aged 15 years and over - Census,Occupation inadequately described or not stated (%),1.5,,2,,,,,2,,,
PRIVATE_2,Private health insurance - year ended 30 June,Persons who reported having private health insurance (no.),,,,,,,3764,3770,3777,,
DISAB_2,Selected disability and carers characteristics (modelled estimates) - Persons living in households,Persons with disability (no.),,,,,1577,,,,,,
DISAB_3,Selected disability and carers characteristics (modelled estimates) - Persons living in households,Persons with disability (%),,,,,16.8,,,,,,
DISAB_4,Selected disability and carers characteristics (modelled estimates) - Persons living in households,Persons with profound or severe core activity limitation (no.),,,,,408,,,,,,
DISAB_5,Selected disability and carers characteristics (modelled estimates) - Persons living in households,Persons with profound or severe core activity limitation (%),,,,,4.3,,,,,,
DISAB_6,Selected disability and carers characteristics (modelled estimates) - Persons living in households,Persons with moderate or mild core activity limitation (no.),,,,,812,,,,,,
DISAB_7,Selected disability and carers characteristics (modelled estimates) - Persons living in households,Persons with moderate or mild core activity limitation (%),,,,,8.6,,,,,,
DISAB_8,Selected disability and carers characteristics (modelled estimates) - Persons living in households,Persons who are carers (no.),,,,,925,,,,,,
DISAB_9,Selected disability and carers characteristics (modelled estimates) - Persons living in households,Persons who are carers (%),,,,,9.8,,,,,,
DISAB_10,Selected disability and carers characteristics (modelled estimates) - Persons living in households,Persons aged 15 years and over who are primary carers (no.),,,,,299,,,,,,
DISAB_11,Selected disability and carers characteristics (modelled estimates) - Persons living in households,Persons aged 15 years and over who are primary carers (%),,,,,3.9,,,,,,
DISAB_12,Selected disability and carers characteristics (modelled estimates) - Persons living in households,Persons who are non-primary carers (no.),,,,,620,,,,,,
DISAB_13,Selected disability and carers characteristics (modelled estimates) - Persons living in households,Persons who are non-primary carers (%),,,,,6.6,,,,,,
DISAB_14,Selected disability and carers characteristics (modelled estimates) - Persons living in households,"Persons with disability aged 15 years and over who need assistance or have difficulty with household chores, meal preparation or property maintenance (accommodation support) (no.)",,,,,505,,,,,,
DISAB_15,Selected disability and carers characteristics (modelled estimates) - Persons living in households,"Persons with disability aged 15 years and over who need assistance or have difficulty with household chores, meal preparation or property maintenance (accommodation support) (%)",,,,,6.6,,,,,,
DISAB_16,Selected disability and carers characteristics (modelled estimates) - Persons living in households,Persons with disability who need assistance or have difficulty with personal/health care (no.),,,,,624,,,,,,
DISAB_17,Selected disability and carers characteristics (modelled estimates) - Persons living in households,Persons with disability who need assistance or have difficulty with personal/health care (%),,,,,6.6,,,,,,
DISAB_18,Selected disability and carers characteristics (modelled estimates) - Persons living in households,Persons with disability aged 16 years and over who need assistance or have difficulty with private transport (no.),,,,,403,,,,,,
DISAB_19,Selected disability and carers characteristics (modelled estimates) - Persons living in households,Persons with disability aged 16 years and over who need assistance or have difficulty with private transport (%),,,,,5.3,,,,,,
DISAB_20,Selected disability and carers characteristics (modelled estimates) - Persons living in households,Persons with disability aged 0-64 years whose need for assistance with core activities is fully met (no.),,,,,106,,,,,,
DISAB_21,Selected disability and carers characteristics (modelled estimates) - Persons living in households,Persons with disability aged 0-64 years whose need for assistance with core activities is fully met (%),,,,,1.4,,,,,,
DISAB_22,Selected disability and carers characteristics (modelled estimates) - Persons living in households,Persons with disability aged 0-64 years whose need for assistance with core activities is partly met or not met at all (no.),,,,,44,,,,,,
DISAB_23,Selected disability and carers characteristics (modelled estimates) - Persons living in households,Persons with disability aged 0-64 years whose need for assistance with core activities is partly met or not met at all (%),,,,,0.6,,,,,,
ACTIV_3,Core activity need for assistance - Census,Persons who have need for assistance with core activities (no.),503,,622,,,,,838,,,
ACTIV_2,Core activity need for assistance - Census,Persons who have need for assistance with core activities (%),6.5,,6.9,,,,,8.5,,,
LTHLTH_2,Long-term health conditions - Census,Arthritis (%),,,,,,,,10.1,,,
LTHLTH_3,Long-term health conditions - Census,Asthma (%),,,,,,,,7.8,,,
LTHLTH_4,Long-term health conditions - Census,Cancer (including remission) (%),,,,,,,,3.6,,,
LTHLTH_5,Long-term health conditions - Census,Dementia (including Alzheimer's) (%),,,,,,,,2.3,,,
LTHLTH_6,Long-term health conditions - Census,Diabetes (excluding gestational diabetes) (%),,,,,,,,4.9,,,
LTHLTH_7,Long-term health conditions - Census,Heart disease (including heart attack or angina) (%),,,,,,,,5.4,,,
LTHLTH_8,Long-term health conditions - Census,Kidney disease (%),,,,,,,,1.1,,,
LTHLTH_9,Long-term health conditions - Census,Lung condition (including COPD or emphysema) (%),,,,,,,,1.7,,,
LTHLTH_10,Long-term health conditions - Census,Mental health condition (including depression or anxiety) (%),,,,,,,,8.7,,,
LTHLTH_11,Long-term health conditions - Census,Stroke (%),,,,,,,,1.2,,,
LTHLTH_12,Long-term health conditions - Census,Other long-term health condition(s) (%),,,,,,,,10.8,,,
LTHLTH_13,Long-term health conditions - Census,No long-term health condition(s) (%),,,,,,,,60.1,,,
GIFTS2,Gifts and donations - year ended 30 June,Persons who made a gift or donation deduction (no.),,,,,,,1838,1804,1752,,
GIFTS3,Gifts and donations - year ended 30 June,Median value of gift and donation deductions ($),,,,,,,120,130,145,,
WORK_TRAV_3,Method of travel to work - Employed persons aged 15 years and over - Census,Used one method - train (no.),322,,309,,,,,177,,,
WORK_TRAV_4,Method of travel to work - Employed persons aged 15 years and over - Census,Used one method - bus (no.),166,,177,,,,,95,,,
WORK_TRAV_5,Method of travel to work - Employed persons aged 15 years and over - Census,Used one method - car (as driver) (no.),2209,,2571,,,,,2649,,,
WORK_TRAV_21,Method of travel to work - Employed persons aged 15 years and over - Census,Used one method - car (as passenger) (no.),190,,201,,,,,172,,,
WORK_TRAV_20,Method of travel to work - Employed persons aged 15 years and over - Census,Used one method - taxi or ride-share service (no.),9,,7,,,,,15,,,
WORK_TRAV_22,Method of travel to work - Employed persons aged 15 years and over - Census,Used one method - truck (no.),28,,26,,,,,31,,,
WORK_TRAV_6,Method of travel to work - Employed persons aged 15 years and over - Census,Used one method - motor bike/scooter (no.),36,,42,,,,,33,,,
WORK_TRAV_7,Method of travel to work - Employed persons aged 15 years and over - Census,Used one method - bicycle (no.),6,,21,,,,,11,,,
WORK_TRAV_8,Method of travel to work - Employed persons aged 15 years and over - Census,Used one method - other (no.),16,,23,,,,,20,,,
WORK_TRAV_9,Method of travel to work - Employed persons aged 15 years and over - Census,Used one method - walked only (no.),40,,41,,,,,34,,,
WORK_TRAV_10,Method of travel to work - Employed persons aged 15 years and over - Census,Used one method - total persons (no.),3031,,3414,,,,,3233,,,
WORK_TRAV_12,Method of travel to work - Employed persons aged 15 years and over - Census,Used more than one method - total persons (no.),185,,190,,,,,107,,,
WORK_TRAV_23,Method of travel to work - Employed persons aged 15 years and over - Census,"Used at least one form of public transport (train, tram, bus, ferry) (no.)",649,,664,,,,,363,,,
WORK_TRAV_24,Method of travel to work - Employed persons aged 15 years and over - Census,Travelled to work by car (as a driver or passenger) as at least one method of travel (no.),2546,,2904,,,,,2899,,,
WORK_TRAV_14,Method of travel to work - Employed persons aged 15 years and over - Census,Worked from home (no.),150,,179,,,,,882,,,
WORK_TRAV_15,Method of travel to work - Employed persons aged 15 years and over - Census,Employed but did not go to work (no.),413,,488,,,,,528,,,
WORK_TRAV_16,Method of travel to work - Employed persons aged 15 years and over - Census,Method of travel not stated (no.),51,,33,,,,,19,,,
WORK_TRAV_17,Method of travel to work - Employed persons aged 15 years and over - Census,Total persons employed aged 15 years and over (no.),3832,,4302,,,,,4763,,,
HHTYPE_2,Household composition - Occupied private dwellings - Census,Lone person households (no.),631,,694,,,,,792,,,
HHTYPE_3,Household composition - Occupied private dwellings - Census,Group households (no.),79,,129,,,,,119,,,
HHTYPE_4,Household composition - Occupied private dwellings - Census,Family households (no.),2125,,2435,,,,,2677,,,
HHTYPE_5,Household composition - Occupied private dwellings - Census,Total households (no.),2837,,3262,,,,,3593,,,
HHTYPE_6,Household composition - Occupied private dwellings - Census,Average household size (no. of persons),2.6,,2.6,,,,,2.6,,,
FAMILY_2,Family composition - Families in family households - Census,Couple families with children under 15 and/or dependent students (no.),729,,886,,,,,1024,,,
FAMILY_3,Family composition - Families in family households - Census,Couple families with non-dependent children only (no.),240,,203,,,,,207,,,
FAMILY_4,Family composition - Families in family households - Census,Couple families without children (no.),936,,1024,,,,,1074,,,
FAMILY_5,Family composition - Families in family households - Census,One parent families with children under 15 and/or dependent students (no.),152,,186,,,,,224,,,
FAMILY_6,Family composition - Families in family households - Census,One parent families with non-dependent children only (no.),102,,142,,,,,168,,,
FAMILY_7,Family composition - Families in family households - Census,Other families (no.),34,,49,,,,,43,,,
FAMILY_8,Family composition - Families in family households - Census,Total families (no.),2186,,2493,,,,,2743,,,
FAMILY_9,Family composition - Families in family households - Census,Average family size (no. of persons),2.9,,2.9,,,,,2.9,,,
MARRIAGE_2,Social marital status - Persons aged 15 years and over usually resident and present in the household on Census night,Married in a registered marriage (no.),3362,,3575,,,,,3774,,,
MARRIAGE_3,Social marital status - Persons aged 15 years and over usually resident and present in the household on Census night,Married in a de facto marriage (no.),361,,562,,,,,766,,,
MARRIAGE_4,Social marital status - Persons aged 15 years and over usually resident and present in the household on Census night,Not married (no.),2262,,2587,,,,,2911,,,
MARRIAGE_5,Registered marital status - Persons aged 15 years and over - Census,Married (%),54.5,,52.2,,,,,50.4,,,
MARRIAGE_6,Registered marital status - Persons aged 15 years and over - Census,Never married (%),28.1,,29.1,,,,,31.6,,,
MARRIAGE_7,Registered marital status - Persons aged 15 years and over - Census,Widowed (%),8.6,,8.6,,,,,7.5,,,
MARRIAGE_8,Registered marital status - Persons aged 15 years and over - Census,Divorced (%),6.3,,7.2,,,,,8.1,,,
MARRIAGE_9,Registered marital status - Persons aged 15 years and over - Census,Separated (%),2.3,,3,,,,,2.3,,,
INTERNET_2,Access to internet at home - Occupied private dwellings - Census,Internet accessed from dwelling (%),,,87.2,,,,,,,,
INTERNET_3,Access to internet at home - Occupied private dwellings - Census,Internet not accessed from dwelling (%),,,10.9,,,,,,,,
INTERNET_4,Access to internet at home - Occupied private dwellings - Census,Access to internet at home inadequately described or not stated (%),,,2.0,,,,,,,,
RENT_4,Rent and mortgage payments - Occupied private dwellings - Census,Median weekly household rental payment ($),370,,400,,,,,440,,,
RENT_5,Rent and mortgage payments - Occupied private dwellings - Census,Median monthly household mortgage payment ($),2100,,2000,,,,,2000,,,
CHILDCAR_2,Unpaid child care - Persons aged 15 years and over - Census,Persons who did not provide child care (%),69.1,,67,,,,,68.2,,,
CHILDCAR_3,Unpaid child care - Persons aged 15 years and over - Census,Persons who cared for own child/children (%),16.7,,18.8,,,,,20.5,,,
CHILDCAR_4,Unpaid child care - Persons aged 15 years and over - Census,Persons who cared for other child/children (%),8.1,,7.6,,,,,6.6,,,
CHILDCAR_5,Unpaid child care - Persons aged 15 years and over - Census,Persons who cared for own child/children and other child/children (%),0.4,,0.7,,,,,4.3,,,
CHILDCAR_6,Unpaid child care - Persons aged 15 years and over - Census,Unpaid child care not stated (%),5.6,,5.8,,,,,0.5,,,
UNPAIDW_2,Unpaid work - Persons aged 15 years and over - Census,Persons who provided unpaid assistance to a person with a disability (%),11.6,,11.8,,,,,11.9,,,
UNPAIDW_3,Unpaid work - Persons aged 15 years and over - Census,Persons undertaking voluntary work for an organisation or group (%),20.3,,18.4,,,,,14.0,,,
CHILD_2,Average number of children per family - Families with children - Census,Average number of children per family (for families with children) (no.),1.8,,1.7,,,,,1.7,,,
HOUSE_2,Housing suitability - Occupied private dwellings - Census,Dwellings with extra bedrooms needed (no.),,,42,,,,,35,,,
HOUSE_3,Housing suitability - Occupied private dwellings - Census,Dwellings with bedrooms spare (no.),,,2794,,,,,3091,,,
HOUSE_4,Housing suitability - Occupied private dwellings - Census,Dwellings with no bedrooms needed or spare (no.),,,266,,,,,319,,,
DWELL_2,Dwelling structure - Occupied private dwellings - Census,Separate house (no.),2203,,2397,,,,,2459,,,
DWELL_3,Dwelling structure - Occupied private dwellings - Census,"Semi-detached, row or terrace house, townhouse etc. (no.)",536,,758,,,,,1100,,,
DWELL_4,Dwelling structure - Occupied private dwellings - Census,Flat or apartment (no.),97,,104,,,,,37,,,
DWELL_5,Dwelling structure - Occupied private dwellings - Census,Other dwelling (no.),5,,,,,,,,,,
DWELL_6,Dwelling structure - Occupied private dwellings - Census,Dwelling structure not stated (no.),,,4,,,,,,,,
DWELL_7,Dwelling structure - Occupied private dwellings - Census,Total occupied private dwellings (no.),2837,,3262,,,,,3593,,,
TENURE_7,Tenure type - Occupied private dwellings - Census,Owned outright (no.),1171,,1170,,,,,1229,,,
TENURE_8,Tenure type - Occupied private dwellings - Census,Owned with a mortgage (no.),877,,1021,,,,,1156,,,
TENURE_9,Tenure type - Occupied private dwellings - Census,Rented (no.),633,,910,,,,,1066,,,
TENURE_10,Tenure type - Occupied private dwellings - Census,Other tenure type (no.),109,,93,,,,,96,,,
TENURE_11,Tenure type - Occupied private dwellings - Census,Tenure type not stated (no.),51,,66,,,,,49,,,
TENURE_2,Tenure type - Occupied private dwellings - Census,Owned outright (%),41.3,,35.9,,,,,34.2,,,
TENURE_3,Tenure type - Occupied private dwellings - Census,Owned with a mortgage (%),30.9,,31.3,,,,,32.2,,,
TENURE_4,Tenure type - Occupied private dwellings - Census,Rented (%),22.3,,27.9,,,,,29.7,,,
TENURE_5,Tenure type - Occupied private dwellings - Census,Other tenure type (%),3.8,,2.9,,,,,2.7,,,
TENURE_6,Tenure type - Occupied private dwellings - Census,Tenure type not stated (%),1.8,,2,,,,,1.4,,,
STRESS_10,Mortgage and rent affordability indicators - Occupied private dwellings - Census,Households where mortgage repayments are less than or equal to 30% of imputed household income (no.),,,,,,,,905,,,
STRESS_11,Mortgage and rent affordability indicators - Occupied private dwellings - Census,Households where mortgage repayments are more than 30% of imputed household income (no.),,,,,,,,138,,,
STRESS_12,Mortgage and rent affordability indicators - Occupied private dwellings - Census,Households where rent payments are less than or equal to 30% of imputed household income (no.),,,,,,,,673,,,
STRESS_13,Mortgage and rent affordability indicators - Occupied private dwellings - Census,Households where rent payments are more than 30% of imputed household income (no.),,,,,,,,293,,,
STRESS_14,Mortgage and rent affordability indicators - Occupied private dwellings - Census,Households where mortgage repayments are less than or equal to 30% of imputed household income (%),,,,,,,,78.3,,,
STRESS_15,Mortgage and rent affordability indicators - Occupied private dwellings - Census,Households where mortgage repayments are more than 30% of imputed household income (%),,,,,,,,11.9,,,
STRESS_16,Mortgage and rent affordability indicators - Occupied private dwellings - Census,Households where rent payments are less than or equal to 30% of imputed household income (%),,,,,,,,63.1,,,
STRESS_17,Mortgage and rent affordability indicators - Occupied private dwellings - Census,Households where rent payments are more than 30% of imputed household income (%),,,,,,,,27.5,,,
SEIFAA_2,Socio-economic indexes for areas (SEIFA) - rank within Australia - Census,SEIFA Index of relative socio-economic disadvantage (IRSD) - rank within Australia (decile),,,,,,,,9,,,
SEIFAA_3,Socio-economic indexes for areas (SEIFA) - rank within Australia - Census,SEIFA Index of relative socio-economic advantage and disadvantage (IRSAD) - rank within Australia (decile),,,,,,,,8,,,
SEIFAA_4,Socio-economic indexes for areas (SEIFA) - rank within Australia - Census,SEIFA Index of education and occupation (IEO) - rank within Australia (decile),,,,,,,,8,,,
SEIFAA_5,Socio-economic indexes for areas (SEIFA) - rank within Australia - Census,SEIFA Index of economic resources (IER) - rank within Australia (decile),,,,,,,,8,,,
SEIFAS_2,Socio-economic indexes for areas (SEIFA) - rank within State or Territory - Census,SEIFA Index of relative socio-economic disadvantage (IRSD) - rank within State or Territory (decile),,,,,,,,9,,,
SEIFAS_3,Socio-economic indexes for areas (SEIFA) - rank within State or Territory - Census,SEIFA Index of relative socio-economic advantage and disadvantage (IRSAD) - rank within State or Territory (decile),,,,,,,,9,,,
SEIFAS_4,Socio-economic indexes for areas (SEIFA) - rank within State or Territory - Census,SEIFA Index of education and occupation (IEO) - rank within State or Territory (decile),,,,,,,,8,,,
SEIFAS_5,Socio-economic indexes for areas (SEIFA) - rank within State or Territory - Census,SEIFA Index of economic resources (IER) - rank within State or Territory (decile),,,,,,,,9,,,
HOMELESS_3,Homelessness - Census,Count of homeless persons (no.),9,,11,,,,,,,,
VEHIC_2,Number of motor vehicles per household - Occupied private dwellings - Census,No motor vehicles (no.),202,,178,,,,,204,,,
VEHIC_3,Number of motor vehicles per household - Occupied private dwellings - Census,One motor vehicle (no.),988,,1160,,,,,1217,,,
VEHIC_4,Number of motor vehicles per household - Occupied private dwellings - Census,Two motor vehicles (no.),1084,,1288,,,,,1544,,,
VEHIC_5,Number of motor vehicles per household - Occupied private dwellings - Census,Three motor vehicles (no.),363,,397,,,,,387,,,
VEHIC_6,Number of motor vehicles per household - Occupied private dwellings - Census,Four or more motor vehicles (no.),152,,161,,,,,197,,,
TOTMIG_3,Number of persons born overseas - Census,Males born overseas (no.),,,1303,,,,,1487,,,
TOTMIG_2,Number of persons born overseas - Census,Females born overseas (no.),,,1423,,,,,1675,,,
TOTMIG_4,Number of persons born overseas - Census,Persons born overseas (no.),,,2728,,,,,3168,,,
AGEMIG_2,Age of persons born overseas - Census,0-4 years (no.),,,19,,,,,13,,,
AGEMIG_3,Age of persons born overseas - Census,5-9 years (no.),,,47,,,,,69,,,
AGEMIG_4,Age of persons born overseas - Census,10-14 years (no.),,,106,,,,,105,,,
AGEMIG_5,Age of persons born overseas - Census,15-19 years (no.),,,109,,,,,141,,,
AGEMIG_6,Age of persons born overseas - Census,20-24 years (no.),,,129,,,,,155,,,
AGEMIG_7,Age of persons born overseas - Census,25-29 years (no.),,,193,,,,,164,,,
AGEMIG_8,Age of persons born overseas - Census,30-34 years (no.),,,296,,,,,271,,,
AGEMIG_9,Age of persons born overseas - Census,35-39 years (no.),,,263,,,,,391,,,
AGEMIG_10,Age of persons born overseas - Census,40-44 years (no.),,,237,,,,,298,,,
AGEMIG_11,Age of persons born overseas - Census,45-49 years (no.),,,223,,,,,266,,,
AGEMIG_12,Age of persons born overseas - Census,50-54 years (no.),,,217,,,,,232,,,
AGEMIG_13,Age of persons born overseas - Census,55-59 years (no.),,,158,,,,,214,,,
AGEMIG_14,Age of persons born overseas - Census,60-64 years (no.),,,178,,,,,178,,,
AGEMIG_15,Age of persons born overseas - Census,65-69 years (no.),,,176,,,,,180,,,
AGEMIG_16,Age of persons born overseas - Census,70-74 years (no.),,,113,,,,,179,,,
AGEMIG_17,Age of persons born overseas - Census,75-79 years (no.),,,96,,,,,114,,,
AGEMIG_18,Age of persons born overseas - Census,80-84 years (no.),,,85,,,,,92,,,
AGEMIG_19,Age of persons born overseas - Census,85 years and over (no.),,,92,,,,,98,,,
ARRMIG_2,Year of arrival of persons born overseas - Census,Arrived within 5 years (%),,,12,,,,,11.4,,,
ARRMIG_3,Year of arrival of persons born overseas - Census,Arrived 5-10 years ago (%),,,22,,,,,14.8,,,
ARRMIG_4,Year of arrival of persons born overseas - Census,Arrived over 10 years ago (%),,,62.1,,,,,71.3,,,
ARRMIG_5,Year of arrival of persons born overseas - Census,Arrival not stated (%),,,3.7,,,,,2.4,,,
CITMIG_2,Citizenship status of persons born overseas - Census,Australian citizen (%),,,64.7,,,,,66.2,,,
CITMIG_3,Citizenship status of persons born overseas - Census,Not an Australian citizen (%),,,33,,,,,33.4,,,
CITMIG_4,Citizenship status of persons born overseas - Census,Citizenship not stated (%),,,2.2,,,,,0.2,,,
RELMIG_2,Religious affiliation of persons born overseas - Census,Buddhism (%),,,4.5,,,,,4.1,,,
RELMIG_3,Religious affiliation of persons born overseas - Census,Christianity (%),,,52.9,,,,,47.1,,,
RELMIG_4,Religious affiliation of persons born overseas - Census,Hinduism (%),,,10,,,,,13.3,,,
RELMIG_5,Religious affiliation of persons born overseas - Census,Islam (%),,,3.3,,,,,3.5,,,
RELMIG_6,Religious affiliation of persons born overseas - Census,Judaism (%),,,0.1,,,,,,,,
RELMIG_7,Religious affiliation of persons born overseas - Census,Other religion (%),,,3.4,,,,,4.2,,,
RELMIG_11,Religious affiliation of persons born overseas - Census,"Secular beliefs, other spiritual beliefs, no religion (%)",,,20.6,,,,,25.1,,,
RELMIG_9,Religious affiliation of persons born overseas - Census,Religious affiliation inadequately described or not stated (%),,,5,,,,,2.9,,,
ENGMIG_2,English proficiency of persons born overseas - Census,Proficient in English (%),,,93.5,,,,,94.6,,,
ENGMIG_3,English proficiency of persons born overseas - Census,Not proficient in English (%),,,5.2,,,,,5,,,
ENGMIG_4,English proficiency of persons born overseas - Census,English proficiency not stated (%),,,1.1,,,,,0.2,,,
QUALMIG_2,Level of highest educational attainment of persons born overseas - Census,Postgraduate degree level (%),,,11.7,,,,,12.6,,,
QUALMIG_3,Level of highest educational attainment of persons born overseas - Census,Graduate diploma and graduate certificate level (%),,,2.1,,,,,2.2,,,
QUALMIG_4,Level of highest educational attainment of persons born overseas - Census,Bachelor degree level (%),,,23.1,,,,,25.8,,,
QUALMIG_5,Level of highest educational attainment of persons born overseas - Census,Advanced diploma and diploma level (%),,,10.8,,,,,10.8,,,
QUALMIG_6,Level of highest educational attainment of persons born overseas - Census,Certificate level (%),,,11.8,,,,,11,,,
QUALMIG_7,Level of highest educational attainment of persons born overseas - Census,School education level (%),,,31.3,,,,,30,,,
QUALMIG_8,Level of highest educational attainment of persons born overseas - Census,Education not stated (%),,,5.3,,,,,3.9,,,
OCCMIG_2,Occupation of persons born overseas - Persons aged 15 years and over - Census,Managers (%),,,11.6,,,,,10.8,,,
OCCMIG_3,Occupation of persons born overseas - Persons aged 15 years and over - Census,Professionals (%),,,32.4,,,,,31.9,,,
OCCMIG_4,Occupation of persons born overseas - Persons aged 15 years and over - Census,Technicians and trades workers (%),,,10.8,,,,,9.4,,,
OCCMIG_5,Occupation of persons born overseas - Persons aged 15 years and over - Census,Community and personal service workers (%),,,9,,,,,12,,,
OCCMIG_6,Occupation of persons born overseas - Persons aged 15 years and over - Census,Clerical and administrative workers (%),,,13.8,,,,,12.3,,,
OCCMIG_7,Occupation of persons born overseas - Persons aged 15 years and over - Census,Sales workers (%),,,6.6,,,,,7,,,
OCCMIG_8,Occupation of persons born overseas - Persons aged 15 years and over - Census,Machinery operators and drivers (%),,,5.3,,,,,6.9,,,
OCCMIG_9,Occupation of persons born overseas - Persons aged 15 years and over - Census,Labourers (%),,,8.6,,,,,7.5,,,
OCCMIG_10,Occupation of persons born overseas - Persons aged 15 years and over - Census,Occupation inadequately described or not stated (%),,,1.6,,,,,1.9,,,
OCCMIG_11,Occupation of persons born overseas - Persons aged 15 years and over - Census,Overseas born population employed (no.),,,1584,,,,,1952,,,
LFMIG_6,Labour force status of persons born overseas - Persons aged 15 years and over - Census,Employed (no.),,,1584,,,,,1952,,,
LFMIG_3,Labour force status of persons born overseas - Persons aged 15 years and over - Census,Unemployed (no.),,,115,,,,,82,,,
LFMIG_2,Labour force status of persons born overseas - Persons aged 15 years and over - Census,In the labour force (no.),,,1698,,,,,2026,,,
LFMIG_5,Labour force status of persons born overseas - Persons aged 15 years and over - Census,Unemployment rate (%),,,6.8,,,,,4,,,
LFMIG_4,Labour force status of persons born overseas - Persons aged 15 years and over - Census,Participation rate (%),,,66.5,,,,,68.1,,,
LFMIG_11,Labour force status of persons born overseas - Persons aged 15 years and over - Census,Not in the labour force (%),,,32.5,,,,,30.8,,,
LFMIG_12,Labour force status of persons born overseas - Persons aged 15 years and over - Census,Labour force status not stated (%),,,1,,,,,1,,,
LFMIG_7,Labour force status of persons born overseas - Persons aged 15 years and over - Census,Overseas born population aged 15 years and over (no.),,,2552,,,,,2975,,,
INCMIG_2,Total personal income (weekly) of persons born overseas - Persons aged 15 years and over - Census,$1-$499 per week (%),,,22.5,,,,,21,,,
INCMIG_3,Total personal income (weekly) of persons born overseas - Persons aged 15 years and over - Census,$500-$999 per week (%),,,24.1,,,,,22.7,,,
INCMIG_4,Total personal income (weekly) of persons born overseas - Persons aged 15 years and over - Census,$1000-$1999 per week (%),,,28.8,,,,,30.1,,,
INCMIG_5,Total personal income (weekly) of persons born overseas - Persons aged 15 years and over - Census,$2000-$2999 per week (%),,,7.4,,,,,9.2,,,
INCMIG_6,Total personal income (weekly) of persons born overseas - Persons aged 15 years and over - Census,$3000 or more per week (%),,,3.7,,,,,5.6,,,
INCMIG_7,Total personal income (weekly) of persons born overseas - Persons aged 15 years and over - Census,Nil income (%),,,10.1,,,,,9.5,,,
INCMIG_8,Total personal income (weekly) of persons born overseas - Persons aged 15 years and over - Census,Negative income (%),,,0.3,,,,,0.4,,,
INCMIG_9,Total personal income (weekly) of persons born overseas - Persons aged 15 years and over - Census,Income inadequately described or not stated (%),,,3.1,,,,,1.6,,,
LAND,Land area,Land area (ha),,,,,,,,454.6,,,
SOLAR_7,Solar installations - year ended 31 December,Small-scale solar panel system installations (no.),,,,,70,102,132,131,112,117,
SOLAR_8,Solar installations - year ended 31 December,Solar water heater installations (no.),,,,,7,8,8,4,6,5,
LANDUSE_13,Land use experimental estimates - year ended 30 June,Urban intensive uses (ha),,,444,,,,,,,,
LANDUSE_19,Land use experimental estimates - year ended 30 June,Total land use (ha),,,444,,,,,,,,
LCOVER_1,Land cover experimental estimates - year ended 31 December,Artificial surfaces (ha),,75,50,81,81,88,88,,,,
LCOVER_2,Land cover experimental estimates - year ended 31 December,Cultivated terrestrial vegetated: herbaceous (ha),,6,6,,,,12,,,,
LCOVER_3,Land cover experimental estimates - year ended 31 December,Natural terrestrial vegetated: herbaceous (ha),,131,175,156,125,144,144,,,,
LCOVER_4,Land cover experimental estimates - year ended 31 December,Natural terrestrial vegetated: woody (ha),,200,162,144,188,119,119,,,,
LCOVER_5,Land cover experimental estimates - year ended 31 December,Natural surfaces (ha),,31,50,62,50,94,81,,,,
LCOVER_12,Land cover experimental estimates - year ended 31 December,Total land cover (ha),,444,444,444,444,444,444,,,,
LTENURE_2,Land tenure experimental estimates - year ended 30 June,Freehold (ha),,,425,,,,,,,,
LTENURE_11,Land tenure experimental estimates - year ended 30 June,Other Crown purposes (ha),,,19,,,,,,,,
LTENURE_14,Land tenure experimental estimates - year ended 30 June,Total land tenure (ha),,,444,,,,,,,,
LPARCEL_2,Land and housing supply indicators: experimental counts of land parcels by size - at March 2022,Land parcel size: 0 - 200 sqm (no.),,,,,,,,,55,,
LPARCEL_5,Land and housing supply indicators: experimental counts of land parcels by size - at March 2022,Land parcel size: 200 - 400 sqm (no.),,,,,,,,,106,,
LPARCEL_6,Land and housing supply indicators: experimental counts of land parcels by size - at March 2022,Land parcel size: 400 - 600 sqm (no.),,,,,,,,,639,,
LPARCEL_7,Land and housing supply indicators: experimental counts of land parcels by size - at March 2022,Land parcel size: 600 - 800 sqm (no.),,,,,,,,,1245,,
LPARCEL_8,Land and housing supply indicators: experimental counts of land parcels by size - at March 2022,"Land parcel size: 800 - 1,000 sqm (no.)",,,,,,,,,394,,
LPARCEL_4,Land and housing supply indicators: experimental counts of land parcels by size - at March 2022,"Land parcel size: 1,000 - 10,000 sqm (no.)",,,,,,,,,224,,
LPARCEL_3,Land and housing supply indicators: experimental counts of land parcels by size - at March 2022,"Land parcel size greater than 10,000 sqm (no.)",,,,,,,,,47,,
LPARCEL_10,Land and housing supply indicators: experimental counts of land parcels by planning zone - at March 2022,Community/public use planning zone (no.),,,,,,,,,44,,
LPARCEL_13,Land and housing supply indicators: experimental counts of land parcels by planning zone - at March 2022,Infrastructure/utilities planning zone (no.),,,,,,,,,1,,
LPARCEL_14,Land and housing supply indicators: experimental counts of land parcels by planning zone - at March 2022,Mixed use/centre planning zone (no.),,,,,,,,,2,,
LPARCEL_16,Land and housing supply indicators: experimental counts of land parcels by planning zone - at March 2022,Residential planning zone (no.),,,,,,,,,2520,,
LPARCEL_17,Land and housing supply indicators: experimental counts of land parcels by planning zone - at March 2022,Special use N.E.S. planning zone (no.),,,,,,,,,1,,
LPARCEL_18,Land and housing supply indicators: experimental counts of land parcels by planning zone - at March 2022,Transition/masterplan planning zone (no.),,,,,,,,,142,,
