Measure Code,Parent Description,Description,2011,2016,2017,2018,2019,2020,2021,2022,2023,2024
ERP_P_20,Estimated resident population - year ended 30 June,Estimated resident population (no.),,,,23038,23295,23515,23488,23713,24279,
ERP_21,Estimated resident population - year ended 30 June,Population density (persons/km2),,,,1951.7,1973.5,1992.1,1989.8,2008.9,2056.8,
ERP_M_20,Estimated resident population - year ended 30 June,Estimated resident population - males (no.),,,,11161,11306,11423,11409,11523,11847,
ERP_F_20,Estimated resident population - year ended 30 June,Estimated resident population - females (no.),,,,11877,11989,12092,12079,12190,12432,
ERP_19,Estimated resident population - year ended 30 June,Median age - males (years),,,,32.2,32.5,33,33.4,33.1,33.5,
ERP_22,Estimated resident population - year ended 30 June,Median age - females (years),,,,33.7,34.4,35.2,36,36.1,35.9,
ERP_23,Estimated resident population - year ended 30 June,Median age - persons (years),,,,33.1,33.6,34.2,34.8,34.7,34.8,
ERP_18,Estimated resident population - year ended 30 June,Working age population (aged 15-64 years) (no.),,,,14848,15093,15241,15272,15590,16226,
ERP_17,Estimated resident population - year ended 30 June,Working age population (aged 15-64 years) (%),,,,64.5,64.8,64.8,65,65.7,66.8,
ERP_M_2,Estimated resident population - Males - year ended 30 June,Males - 0-4 years (no.),,,,948,920,894,833,839,798,
ERP_M_3,Estimated resident population - Males - year ended 30 June,Males - 5-9 years (no.),,,,1080,1035,1000,978,936,901,
ERP_M_4,Estimated resident population - Males - year ended 30 June,Males - 10-14 years (no.),,,,1000,1029,1067,1090,1084,1072,
ERP_M_5,Estimated resident population - Males - year ended 30 June,Males - 15-19 years (no.),,,,831,849,850,887,900,975,
ERP_M_6,Estimated resident population - Males - year ended 30 June,Males - 20-24 years (no.),,,,695,730,732,701,746,793,
ERP_M_7,Estimated resident population - Males - year ended 30 June,Males - 25-29 years (no.),,,,681,714,704,689,749,791,
ERP_M_8,Estimated resident population - Males - year ended 30 June,Males - 30-34 years (no.),,,,794,761,781,777,810,868,
ERP_M_9,Estimated resident population - Males - year ended 30 June,Males - 35-39 years (no.),,,,924,919,899,833,821,863,
ERP_M_10,Estimated resident population - Males - year ended 30 June,Males - 40-44 years (no.),,,,926,909,883,901,901,920,
ERP_M_11,Estimated resident population - Males - year ended 30 June,Males - 45-49 years (no.),,,,878,902,894,884,882,891,
ERP_M_12,Estimated resident population - Males - year ended 30 June,Males - 50-54 years (no.),,,,658,680,732,783,797,810,
ERP_M_13,Estimated resident population - Males - year ended 30 June,Males - 55-59 years (no.),,,,466,498,535,543,534,564,
ERP_M_14,Estimated resident population - Males - year ended 30 June,Males - 60-64 years (no.),,,,321,355,370,393,408,442,
ERP_M_15,Estimated resident population - Males - year ended 30 June,Males - 65-69 years (no.),,,,295,284,310,310,313,341,
ERP_M_16,Estimated resident population - Males - year ended 30 June,Males - 70-74 years (no.),,,,272,294,312,310,294,291,
ERP_M_17,Estimated resident population - Males - year ended 30 June,Males - 75-79 years (no.),,,,170,192,205,223,227,245,
ERP_M_18,Estimated resident population - Males - year ended 30 June,Males - 80-84 years (no.),,,,124,131,139,149,153,151,
ERP_M_19,Estimated resident population - Males - year ended 30 June,Males - 85 and over (no.),,,,98,104,116,125,129,131,
ERP_M_21,Estimated resident population - Males - year ended 30 June,Males - 0-4 years (%),,,,8.5,8.1,7.8,7.3,7.3,6.7,
ERP_M_22,Estimated resident population - Males - year ended 30 June,Males - 5-9 years (%),,,,9.7,9.2,8.8,8.6,8.1,7.6,
ERP_M_23,Estimated resident population - Males - year ended 30 June,Males - 10-14 years (%),,,,9,9.1,9.3,9.6,9.4,9,
ERP_M_24,Estimated resident population - Males - year ended 30 June,Males - 15-19 years (%),,,,7.4,7.5,7.4,7.8,7.8,8.2,
ERP_M_25,Estimated resident population - Males - year ended 30 June,Males - 20-24 years (%),,,,6.2,6.5,6.4,6.1,6.5,6.7,
ERP_M_26,Estimated resident population - Males - year ended 30 June,Males - 25-29 years (%),,,,6.1,6.3,6.2,6,6.5,6.7,
ERP_M_27,Estimated resident population - Males - year ended 30 June,Males - 30-34 years (%),,,,7.1,6.7,6.8,6.8,7,7.3,
ERP_M_28,Estimated resident population - Males - year ended 30 June,Males - 35-39 years (%),,,,8.3,8.1,7.9,7.3,7.1,7.3,
ERP_M_29,Estimated resident population - Males - year ended 30 June,Males - 40-44 years (%),,,,8.3,8,7.7,7.9,7.8,7.8,
ERP_M_30,Estimated resident population - Males - year ended 30 June,Males - 45-49 years (%),,,,7.9,8,7.8,7.7,7.7,7.5,
ERP_M_31,Estimated resident population - Males - year ended 30 June,Males - 50-54 years (%),,,,5.9,6,6.4,6.9,6.9,6.8,
ERP_M_32,Estimated resident population - Males - year ended 30 June,Males - 55-59 years (%),,,,4.2,4.4,4.7,4.8,4.6,4.8,
ERP_M_33,Estimated resident population - Males - year ended 30 June,Males - 60-64 years (%),,,,2.9,3.1,3.2,3.4,3.5,3.7,
ERP_M_34,Estimated resident population - Males - year ended 30 June,Males - 65-69 years (%),,,,2.6,2.5,2.7,2.7,2.7,2.9,
ERP_M_35,Estimated resident population - Males - year ended 30 June,Males - 70-74 years (%),,,,2.4,2.6,2.7,2.7,2.6,2.5,
ERP_M_36,Estimated resident population - Males - year ended 30 June,Males - 75-79 years (%),,,,1.5,1.7,1.8,2,2,2.1,
ERP_M_37,Estimated resident population - Males - year ended 30 June,Males - 80-84 years (%),,,,1.1,1.2,1.2,1.3,1.3,1.3,
ERP_M_38,Estimated resident population - Males - year ended 30 June,Males - 85 and over (%),,,,0.9,0.9,1,1.1,1.1,1.1,
ERP_F_2,Estimated resident population - Females - year ended 30 June,Females - 0-4 years (no.),,,,914,878,844,793,791,786,
ERP_F_3,Estimated resident population - Females - year ended 30 June,Females - 5-9 years (no.),,,,1063,1036,1021,984,908,856,
ERP_F_4,Estimated resident population - Females - year ended 30 June,Females - 10-14 years (no.),,,,983,1005,990,989,979,1013,
ERP_F_5,Estimated resident population - Females - year ended 30 June,Females - 15-19 years (no.),,,,849,859,871,877,907,955,
ERP_F_6,Estimated resident population - Females - year ended 30 June,Females - 20-24 years (no.),,,,666,667,662,666,689,713,
ERP_F_7,Estimated resident population - Females - year ended 30 June,Females - 25-29 years (no.),,,,771,744,751,713,714,768,
ERP_F_8,Estimated resident population - Females - year ended 30 June,Females - 30-34 years (no.),,,,970,939,860,842,909,943,
ERP_F_9,Estimated resident population - Females - year ended 30 June,Females - 35-39 years (no.),,,,1003,1027,1038,995,974,984,
ERP_F_10,Estimated resident population - Females - year ended 30 June,Females - 40-44 years (no.),,,,1013,987,1000,1013,1015,1019,
ERP_F_11,Estimated resident population - Females - year ended 30 June,Females - 45-49 years (no.),,,,927,959,960,988,974,961,
ERP_F_12,Estimated resident population - Females - year ended 30 June,Females - 50-54 years (no.),,,,649,682,737,762,804,860,
ERP_F_13,Estimated resident population - Females - year ended 30 June,Females - 55-59 years (no.),,,,458,509,544,568,601,635,
ERP_F_14,Estimated resident population - Females - year ended 30 June,Females - 60-64 years (no.),,,,368,403,438,457,455,471,
ERP_F_15,Estimated resident population - Females - year ended 30 June,Females - 65-69 years (no.),,,,365,359,371,363,384,379,
ERP_F_16,Estimated resident population - Females - year ended 30 June,Females - 70-74 years (no.),,,,328,345,356,361,365,375,
ERP_F_17,Estimated resident population - Females - year ended 30 June,Females - 75-79 years (no.),,,,230,247,267,300,316,318,
ERP_F_18,Estimated resident population - Females - year ended 30 June,Females - 80-84 years (no.),,,,132,158,193,215,206,209,
ERP_F_19,Estimated resident population - Females - year ended 30 June,Females - 85 and over (no.),,,,188,185,189,193,199,187,
ERP_F_21,Estimated resident population - Females - year ended 30 June,Females - 0-4 years (%),,,,7.7,7.3,7,6.6,6.5,6.3,
ERP_F_22,Estimated resident population - Females - year ended 30 June,Females - 5-9 years (%),,,,9,8.6,8.4,8.1,7.4,6.9,
ERP_F_23,Estimated resident population - Females - year ended 30 June,Females - 10-14 years (%),,,,8.3,8.4,8.2,8.2,8,8.1,
ERP_F_24,Estimated resident population - Females - year ended 30 June,Females - 15-19 years (%),,,,7.1,7.2,7.2,7.3,7.4,7.7,
ERP_F_25,Estimated resident population - Females - year ended 30 June,Females - 20-24 years (%),,,,5.6,5.6,5.5,5.5,5.7,5.7,
ERP_F_26,Estimated resident population - Females - year ended 30 June,Females - 25-29 years (%),,,,6.5,6.2,6.2,5.9,5.9,6.2,
ERP_F_27,Estimated resident population - Females - year ended 30 June,Females - 30-34 years (%),,,,8.2,7.8,7.1,7,7.5,7.6,
ERP_F_28,Estimated resident population - Females - year ended 30 June,Females - 35-39 years (%),,,,8.4,8.6,8.6,8.2,8,7.9,
ERP_F_29,Estimated resident population - Females - year ended 30 June,Females - 40-44 years (%),,,,8.5,8.2,8.3,8.4,8.3,8.2,
ERP_F_30,Estimated resident population - Females - year ended 30 June,Females - 45-49 years (%),,,,7.8,8,7.9,8.2,8,7.7,
ERP_F_31,Estimated resident population - Females - year ended 30 June,Females - 50-54 years (%),,,,5.5,5.7,6.1,6.3,6.6,6.9,
ERP_F_32,Estimated resident population - Females - year ended 30 June,Females - 55-59 years (%),,,,3.9,4.2,4.5,4.7,4.9,5.1,
ERP_F_33,Estimated resident population - Females - year ended 30 June,Females - 60-64 years (%),,,,3.1,3.4,3.6,3.8,3.7,3.8,
ERP_F_34,Estimated resident population - Females - year ended 30 June,Females - 65-69 years (%),,,,3.1,3,3.1,3,3.2,3,
ERP_F_35,Estimated resident population - Females - year ended 30 June,Females - 70-74 years (%),,,,2.8,2.9,2.9,3,3,3,
ERP_F_36,Estimated resident population - Females - year ended 30 June,Females - 75-79 years (%),,,,1.9,2.1,2.2,2.5,2.6,2.6,
ERP_F_37,Estimated resident population - Females - year ended 30 June,Females - 80-84 years (%),,,,1.1,1.3,1.6,1.8,1.7,1.7,
ERP_F_38,Estimated resident population - Females - year ended 30 June,Females - 85 and over (%),,,,1.6,1.5,1.6,1.6,1.6,1.5,
ERP_P_2,Estimated resident population - Persons - year ended 30 June,Persons - 0-4 years (no.),,,,1862,1798,1738,1626,1630,1584,
ERP_P_3,Estimated resident population - Persons - year ended 30 June,Persons - 5-9 years (no.),,,,2143,2071,2021,1962,1844,1757,
ERP_P_4,Estimated resident population - Persons - year ended 30 June,Persons - 10-14 years (no.),,,,1983,2034,2057,2079,2063,2085,
ERP_P_5,Estimated resident population - Persons - year ended 30 June,Persons - 15-19 years (no.),,,,1680,1708,1721,1764,1807,1930,
ERP_P_6,Estimated resident population - Persons - year ended 30 June,Persons - 20-24 years (no.),,,,1361,1397,1394,1367,1435,1506,
ERP_P_7,Estimated resident population - Persons - year ended 30 June,Persons - 25-29 years (no.),,,,1452,1458,1455,1402,1463,1559,
ERP_P_8,Estimated resident population - Persons - year ended 30 June,Persons - 30-34 years (no.),,,,1764,1700,1641,1619,1719,1811,
ERP_P_9,Estimated resident population - Persons - year ended 30 June,Persons - 35-39 years (no.),,,,1927,1946,1937,1828,1795,1847,
ERP_P_10,Estimated resident population - Persons - year ended 30 June,Persons - 40-44 years (no.),,,,1939,1896,1883,1914,1916,1939,
ERP_P_11,Estimated resident population - Persons - year ended 30 June,Persons - 45-49 years (no.),,,,1805,1861,1854,1872,1856,1852,
ERP_P_12,Estimated resident population - Persons - year ended 30 June,Persons - 50-54 years (no.),,,,1307,1362,1469,1545,1601,1670,
ERP_P_13,Estimated resident population - Persons - year ended 30 June,Persons - 55-59 years (no.),,,,924,1007,1079,1111,1135,1199,
ERP_P_14,Estimated resident population - Persons - year ended 30 June,Persons - 60-64 years (no.),,,,689,758,808,850,863,913,
ERP_P_15,Estimated resident population - Persons - year ended 30 June,Persons - 65-69 years (no.),,,,660,643,681,673,697,720,
ERP_P_16,Estimated resident population - Persons - year ended 30 June,Persons - 70-74 years (no.),,,,600,639,668,671,659,666,
ERP_P_17,Estimated resident population - Persons - year ended 30 June,Persons - 75-79 years (no.),,,,400,439,472,523,543,563,
ERP_P_18,Estimated resident population - Persons - year ended 30 June,Persons - 80-84 years (no.),,,,256,289,332,364,359,360,
ERP_P_19,Estimated resident population - Persons - year ended 30 June,Persons - 85 and over (no.),,,,286,289,305,318,328,318,
ERP_P_21,Estimated resident population - Persons - year ended 30 June,Persons - 0-4 years (%),,,,8.1,7.7,7.4,6.9,6.9,6.5,
ERP_P_22,Estimated resident population - Persons - year ended 30 June,Persons - 5-9 years (%),,,,9.3,8.9,8.6,8.4,7.8,7.2,
ERP_P_23,Estimated resident population - Persons - year ended 30 June,Persons - 10-14 years (%),,,,8.6,8.7,8.7,8.9,8.7,8.6,
ERP_P_24,Estimated resident population - Persons - year ended 30 June,Persons - 15-19 years (%),,,,7.3,7.3,7.3,7.5,7.6,7.9,
ERP_P_25,Estimated resident population - Persons - year ended 30 June,Persons - 20-24 years (%),,,,5.9,6,5.9,5.8,6.1,6.2,
ERP_P_26,Estimated resident population - Persons - year ended 30 June,Persons - 25-29 years (%),,,,6.3,6.3,6.2,6,6.2,6.4,
ERP_P_27,Estimated resident population - Persons - year ended 30 June,Persons - 30-34 years (%),,,,7.7,7.3,7,6.9,7.2,7.5,
ERP_P_28,Estimated resident population - Persons - year ended 30 June,Persons - 35-39 years (%),,,,8.4,8.4,8.2,7.8,7.6,7.6,
ERP_P_29,Estimated resident population - Persons - year ended 30 June,Persons - 40-44 years (%),,,,8.4,8.1,8,8.1,8.1,8,
ERP_P_30,Estimated resident population - Persons - year ended 30 June,Persons - 45-49 years (%),,,,7.8,8,7.9,8,7.8,7.6,
ERP_P_31,Estimated resident population - Persons - year ended 30 June,Persons - 50-54 years (%),,,,5.7,5.8,6.2,6.6,6.8,6.9,
ERP_P_32,Estimated resident population - Persons - year ended 30 June,Persons - 55-59 years (%),,,,4,4.3,4.6,4.7,4.8,4.9,
ERP_P_33,Estimated resident population - Persons - year ended 30 June,Persons - 60-64 years (%),,,,3,3.3,3.4,3.6,3.6,3.8,
ERP_P_34,Estimated resident population - Persons - year ended 30 June,Persons - 65-69 years (%),,,,2.9,2.8,2.9,2.9,2.9,3,
ERP_P_35,Estimated resident population - Persons - year ended 30 June,Persons - 70-74 years (%),,,,2.6,2.7,2.8,2.9,2.8,2.7,
ERP_P_36,Estimated resident population - Persons - year ended 30 June,Persons - 75-79 years (%),,,,1.7,1.9,2,2.2,2.3,2.3,
ERP_P_37,Estimated resident population - Persons - year ended 30 June,Persons - 80-84 years (%),,,,1.1,1.2,1.4,1.5,1.5,1.5,
ERP_P_38,Estimated resident population - Persons - year ended 30 June,Persons - 85 and over (%),,,,1.2,1.2,1.3,1.4,1.4,1.3,
BD_2,Births and deaths - year ended 31 December,Births (no.),,,332,318,321,297,290,268,,
BD_3,Births and deaths - year ended 31 December,Total fertility rate (births per female) (rate),,,2.05,1.93,1.88,1.85,1.83,1.75,,
BD_4,Births and deaths - year ended 31 December,Deaths (no.),,,88,93,116,111,122,140,,
BD_5,Births and deaths - year ended 31 December,"Standardised death rate (per 1,000 people) (rate)",,,5.2,5,5.4,5.5,5.7,5.8,,
MIGRATION_2,Internal and overseas migration - year ended 30 June,Internal arrivals (no.),,,,,,,,3024,2758,
MIGRATION_3,Internal and overseas migration - year ended 30 June,Internal departures (no.),,,,,,,,3143,2909,
MIGRATION_4,Internal and overseas migration - year ended 30 June,Net internal migration (no.),,,,,,,,-119,-151,
MIGRATION_5,Internal and overseas migration - year ended 30 June,Overseas arrivals (no.),,,,,,,,385,824,
MIGRATION_6,Internal and overseas migration - year ended 30 June,Overseas departures (no.),,,,,,,,197,211,
MIGRATION_7,Internal and overseas migration - year ended 30 June,Net overseas migration (no.),,,,,,,,188,613,
CENSUS_34,Aboriginal and Torres Strait Islander Peoples - Census,Aboriginal and Torres Strait Islander Peoples (no.),229,421,,,,,601,,,
CENSUS_2,Aboriginal and Torres Strait Islander Peoples - Census,Aboriginal and Torres Strait Islander Peoples (%),1.5,1.9,,,,,2.6,,,
CENSUS_4,Overseas born population - Census,Born in Oceania and Antarctica (excluding Australia) (%),,9.5,,,,,8.5,,,
CENSUS_5,Overseas born population - Census,Born in North-West Europe (%),,9.6,,,,,8.6,,,
CENSUS_6,Overseas born population - Census,Born in Southern and Eastern Europe (%),,1.2,,,,,1.3,,,
CENSUS_7,Overseas born population - Census,Born in North Africa and the Middle East (%),,0.6,,,,,0.8,,,
CENSUS_8,Overseas born population - Census,Born in South-East Asia (%),,2.7,,,,,2.8,,,
CENSUS_9,Overseas born population - Census,Born in North-East Asia (%),,1.5,,,,,2.1,,,
CENSUS_10,Overseas born population - Census,Born in Southern and Central Asia (%),,2.7,,,,,4.1,,,
CENSUS_11,Overseas born population - Census,Born in Americas (%),,1.6,,,,,1.8,,,
CENSUS_12,Overseas born population - Census,Born in Sub-Saharan Africa (%),,4.6,,,,,4.5,,,
CENSUS_35,Overseas born population - Census,Total born overseas (no.),,7349,,,,,7957,,,
CENSUS_13,Overseas born population - Census,Total born overseas (%),,33.9,,,,,34.6,,,
CENSUS_15,Religious affiliation - Census,Buddhism (%),1.1,1.3,,,,,1.2,,,
CENSUS_16,Religious affiliation - Census,Christianity (%),65.1,53.4,,,,,45.6,,,
CENSUS_17,Religious affiliation - Census,Hinduism (%),1.6,2.5,,,,,3.2,,,
CENSUS_18,Religious affiliation - Census,Islam (%),0.6,0.7,,,,,1,,,
CENSUS_19,Religious affiliation - Census,Judaism (%),0.1,0.1,,,,,0.1,,,
CENSUS_20,Religious affiliation - Census,Other religions (%),0.6,1,,,,,1.9,,,
CENSUS_40,Religious affiliation - Census,"Secular beliefs, other spiritual beliefs or no religion (%)",24.4,32.8,,,,,41.9,,,
CENSUS_22,Religious affiliation - Census,Religious affiliation inadequately described or not stated (%),6.5,8.3,,,,,5.2,,,
CENSUS_36,Australian citizenship - Census,Australian citizen (no.),11401,16644,,,,,18802,,,
CENSUS_37,Australian citizenship - Census,Not an Australian citizen (no.),3054,3780,,,,,3535,,,
CENSUS_38,Australian citizenship - Census,Australian citizenship not stated (no.),597,1242,,,,,696,,,
CENSUS_29,Australian citizenship - Census,Australian citizen (%),75.8,76.8,,,,,81.6,,,
CENSUS_30,Australian citizenship - Census,Not an Australian citizen (%),20.3,17.4,,,,,15.3,,,
CENSUS_31,Australian citizenship - Census,Australian citizenship not stated (%),4,5.7,,,,,3,,,
CENSUS_39,Speaks a language other than English at home - Census,Speaks a language other than English at home (no.),1605,3218,,,,,4124,,,
CENSUS_33,Speaks a language other than English at home - Census,Speaks a language other than English at home (%),10.7,14.8,,,,,17.9,,,
ADFS_2,Australian Defence Force service - Persons aged 15 years and over - Census,Currently serving in the Australian Defence Force (no.),,,,,,,169,,,
ADFS_3,Australian Defence Force service - Persons aged 15 years and over - Census,Previously served in the Australian Defence Force (no.),,,,,,,565,,,
ADFS_4,Australian Defence Force service - Persons aged 15 years and over - Census,Currently serving in the Australian Defence Force (%),,,,,,,1,,,
ADFS_5,Australian Defence Force service - Persons aged 15 years and over - Census,Previously served in the Australian Defence Force (%),,,,,,,3.2,,,
ING_ERP_P,Estimated resident Aboriginal and Torres Strait Islander population - at 30 June,Estimated resident Aboriginal and Torres Strait Islander population (no.),,,,,,,663,,,
ING_LANG1,Language - Census,Speakers of an Aboriginal or Torres Strait Islander language who identify as Aboriginal and/or Torres Strait Islander (%),0,0.7,,,,,0.9,,,
ING_LANG2,Language - Census,Speaks English at home (%),100,97.1,,,,,97.2,,,
ING_EETP1,"Engagement in employment, education or training - Census",Fully engaged (%),57.3,61.2,,,,,55.2,,,
ING_EETP2,"Engagement in employment, education or training - Census",Partially or at least partially engaged (%),12.1,14.2,,,,,20.7,,,
ING_EETP3,"Engagement in employment, education or training - Census",Not engaged (%),25,24.6,,,,,24.2,,,
ING_EMP1,Labour force status - Census,Employed (no.),73,149,,,,,245,,,
ING_EMP2,Labour force status - Census,% of total labour force employed,83.9,85.6,,,,,91.4,,,
ING_UNEMP1,Labour force status - Census,Unemployed (no.),12,24,,,,,23,,,
ING_UNEMP2,Labour force status - Census,% of total labour force unemployed,13.8,13.8,,,,,8.6,,,
ING_LABF,Labour force status - Census,In the labour force (no.),87,174,,,,,268,,,
ING_LFPR,Labour force status - Census,Labour force participation rate (%),74.4,76,,,,,73.6,,,
ING_NILF,Labour force status - Census,Not in the labour force (%),31.6,23.1,,,,,25.5,,,
ING_1564,Labour force status - Census,Total responding population aged 15-64 years (no.),117,229,,,,,364,,,
ING_EMP3,Labour force status - Census,% of total Census responding population employed,62.4,65.1,,,,,67.3,,,
ING_UA1,Unpaid assistance to a person with a disability - Census,Provided unpaid assistance (no.),13,31,,,,,46,,,
ING_UA2,Unpaid assistance to a person with a disability - Census,Provided unpaid assistance (%),10.6,13.4,,,,,12.5,,,
ING_UPCC1,Unpaid child care - Census,Cared for own child/children (no.),38,91,,,,,100,,,
ING_UPCC2,Unpaid child care - Census,Cared for own child/children (%),30.9,39.2,,,,,27.1,,,
ING_UPCC3,Unpaid child care - Census,Cared for other child/children (no.),3,12,,,,,21,,,
ING_UPCC4,Unpaid child care - Census,Cared for other child/children (%),2.4,5.2,,,,,5.7,,,
ING_UPCC5,Unpaid child care - Census,Total provided unpaid child care (no.),48,107,,,,,129,,,
ING_UPCC6,Unpaid child care - Census,Total provided unpaid child care (%),39,46.1,,,,,35,,,
ING_UPCC7,Unpaid child care - Census,Did not provide unpaid child care (no.),64,127,,,,,237,,,
ING_UPCC8,Unpaid child care - Census,Did not provide unpaid child care (%),52,54.7,,,,,64.2,,,
ING_VOLWP1,Voluntary work for an organisation or group - Census,Volunteered for an organisation or group (no.),13,38,,,,,31,,,
ING_VOLWP2,Voluntary work for an organisation or group - Census,Volunteered for an organisation or group (%),10.6,16.4,,,,,8.4,,,
ING_TTYPE1,Tenure type - Census,Owner with or without a mortgage (or being purchased under a shared equity scheme) (no.),84,129,,,,,191,,,
ING_TTYPE2,Tenure type - Census,Owner with or without a mortgage (or being purchased under a shared equity scheme) (%),37.7,31.9,,,,,33,,,
ING_TTYPE3,Tenure type - Census,Renter (no.),138,271,,,,,379,,,
ING_TTYPE4,Tenure type - Census,Renter (%),61.9,66.9,,,,,65.5,,,
ING_YR12C3P1,Closing the Gap Target 5 - People aged 20-24 years - Census,Attained Year 12 or equivalent or Certificate III or above (no.),11,32,,,,,47,,,
ING_YR12C3P2,Closing the Gap Target 5 - People aged 20-24 years - Census,Attained Year 12 or equivalent or Certificate III or above (%),73.3,86.5,,,,,74.6,,,
ING_YR12C3P3,Closing the Gap Target 5 - People aged 20-24 years - Census,Total applicable population aged 20-24 years (no.),15,37,,,,,63,,,
ING_HEAP1,Closing the Gap Target 6 - People aged 25-34 years - Census,Completed tertiary qualification of Certificate III or above (no.),20,38,,,,,66,,,
ING_HEAP2,Closing the Gap Target 6 - People aged 25-34 years - Census,Completed tertiary qualification of Certificate III or above (%),66.7,62.3,,,,,62.3,,,
ING_HEAP3,Closing the Gap Target 6 - People aged 25-34 years - Census,Total applicable population aged 25-34 years (no.),30,61,,,,,106,,,
ING_EETPH1,Closing the Gap Target 7 - People aged 15-24 years - Census,"Fully engaged in employment, education or training (no.)",29,53,,,,,69,,,
ING_EETPH2,Closing the Gap Target 7 - People aged 15-24 years - Census,"Fully engaged in employment, education or training (%)",80.6,63.9,,,,,60.5,,,
ING_EETPH3,Closing the Gap Target 7 - People aged 15-24 years - Census,Total applicable population aged 15-24 years (no.),36,83,,,,,114,,,
ING_LFSP1,Closing the Gap Target 8 - People aged 25-64 years - Census,Employed (no.),57,105,,,,,181,,,
ING_LFSP2,Closing the Gap Target 8 - People aged 25-64 years - Census,Employed (%),73.1,74.5,,,,,76.1,,,
ING_LFSP3,Closing the Gap Target 8 - People aged 25-64 years - Census,Total applicable population aged 25-64 years (no.),78,141,,,,,238,,,
ING_HOSD1,Closing the Gap Target 9A - Census,Living in a dwelling with no additional bedrooms required (appropriately sized) (no.),214,357,,,,,507,,,
ING_HOSD2,Closing the Gap Target 9A - Census,Living in a dwelling with no additional bedrooms required (appropriately sized) (%),99.1,90.8,,,,,92.2,,,
ING_HOSD3,Closing the Gap Target 9A - Census,Living in a dwelling requiring one additional bedroom (no.),8,33,,,,,16,,,
ING_HOSD4,Closing the Gap Target 9A - Census,Living in a dwelling requiring one additional bedroom (%),3.7,8.4,,,,,2.9,,,
ING_HOSD5,Closing the Gap Target 9A - Census,Living in a dwelling requiring two additional bedrooms (no.),0,0,,,,,19,,,
ING_HOSD6,Closing the Gap Target 9A - Census,Living in a dwelling requiring two additional bedrooms (%),0,0,,,,,3.5,,,
ING_HOSD7,Closing the Gap Target 9A - Census,Living in a dwelling requiring three additional bedrooms (no.),0,0,,,,,7,,,
ING_HOSD8,Closing the Gap Target 9A - Census,Living in a dwelling requiring three additional bedrooms (%),0,0,,,,,1.3,,,
ING_HOSD9,Closing the Gap Target 9A - Census,Living in a dwelling requiring four or more additional bedrooms (no.),0,0,,,,,0,,,
ING_HOSD10,Closing the Gap Target 9A - Census,Living in a dwelling requiring four or more additional bedrooms (%),0,0,,,,,0,,,
ING_HOSD11,Closing the Gap Target 9A - Census,Total people living in applicable dwellings (no.),216,393,,,,,550,,,
CABEE_2,Number of businesses - at 30 June,Number of non-employing businesses,,,,,918,979,956,1045,1111,
CABEE_3,Number of businesses - at 30 June,Number of employing businesses: 1-4 employees,,,,,434,442,497,559,527,
CABEE_4,Number of businesses - at 30 June,Number of employing businesses: 5-19 employees,,,,,151,148,178,185,193,
CABEE_38,Number of businesses - at 30 June,Number of employing businesses: 20 or more employees,,,,,38,34,31,49,63,
CABEE_5,Number of businesses - at 30 June,Total number of businesses,,,,,1541,1603,1662,1838,1894,
CABEE_7,Business entries - year ended 30 June,Number of non-employing business entries,,,,,,209,218,276,249,
CABEE_8,Business entries - year ended 30 June,Number of employing business entries: 1-4 employees,,,,,,77,116,119,101,
CABEE_9,Business entries - year ended 30 June,Number of employing business entries: 5-19 employees,,,,,,8,17,7,13,
CABEE_39,Business entries - year ended 30 June,Number of employing business entries: 20 or more employees,,,,,,,3,3,3,
CABEE_10,Business entries - year ended 30 June,Total number of business entries,,,,,,294,353,405,366,
CABEE_12,Business exits - year ended 30 June,Number of non-employing business exits,,,,,,174,205,186,217,
CABEE_13,Business exits - year ended 30 June,Number of employing business exits: 1-4 employees,,,,,,51,48,51,67,
CABEE_14,Business exits - year ended 30 June,Number of employing business exits: 5-19 employees,,,,,,12,11,17,11,
CABEE_40,Business exits - year ended 30 June,Number of employing business exits: 20 or more employees,,,,,,3,3,3,3,
CABEE_15,Business exits - year ended 30 June,Total number of business exits,,,,,,240,267,255,298,
CABEE_19,Number of businesses by industry - at 30 June,"Agriculture, forestry and fishing (no.)",,,,,5,3,3,,3,
CABEE_28,Number of businesses by industry - at 30 June,Mining (no.),,,,,3,5,4,6,3,
CABEE_27,Number of businesses by industry - at 30 June,Manufacturing (no.),,,,,45,37,41,49,49,
CABEE_23,Number of businesses by industry - at 30 June,"Electricity, gas, water and waste services (no.)",,,,,5,4,3,,5,
CABEE_21,Number of businesses by industry - at 30 June,Construction (no.),,,,,236,240,246,274,274,
CABEE_37,Number of businesses by industry - at 30 June,Wholesale trade (no.),,,,,50,58,58,56,68,
CABEE_34,Number of businesses by industry - at 30 June,Retail trade (no.),,,,,107,127,132,158,137,
CABEE_17,Number of businesses by industry - at 30 June,Accommodation and food services (no.),,,,,92,87,78,83,80,
CABEE_36,Number of businesses by industry - at 30 June,"Transport, postal and warehousing (no.)",,,,,189,189,163,178,214,
CABEE_26,Number of businesses by industry - at 30 June,Information media and telecommunications (no.),,,,,13,11,12,9,9,
CABEE_24,Number of businesses by industry - at 30 June,Financial and insurance services (no.),,,,,61,63,70,69,75,
CABEE_33,Number of businesses by industry - at 30 June,"Rental, hiring and real estate services (no.)",,,,,149,154,169,173,164,
CABEE_31,Number of businesses by industry - at 30 June,"Professional, scientific and technical services (no.)",,,,,221,226,225,247,251,
CABEE_18,Number of businesses by industry - at 30 June,Administrative and support services (no.),,,,,70,83,79,101,104,
CABEE_32,Number of businesses by industry - at 30 June,Public administration and safety (no.),,,,,3,5,6,6,5,
CABEE_22,Number of businesses by industry - at 30 June,Education and training (no.),,,,,33,28,36,36,36,
CABEE_25,Number of businesses by industry - at 30 June,Health care and social assistance (no.),,,,,149,163,202,233,253,
CABEE_20,Number of businesses by industry - at 30 June,Arts and recreation services (no.),,,,,26,27,30,35,37,
CABEE_30,Number of businesses by industry - at 30 June,Other services (no.),,,,,84,92,107,121,129,
CABEE_42,Number of businesses by turnover - at 30 June,Number of businesses with turnover of zero to less than $50k,,,,,420,451,499,462,458,
CABEE_43,Number of businesses by turnover - at 30 June,Number of businesses with turnover of $50k to less than $200k,,,,,511,498,495,583,595,
CABEE_44,Number of businesses by turnover - at 30 June,Number of businesses with turnover of $200k to less than $2m,,,,,528,562,584,685,709,
CABEE_45,Number of businesses by turnover - at 30 June,Number of businesses with turnover of $2m to less than $5m,,,,,48,58,45,62,74,
CABEE_46,Number of businesses by turnover - at 30 June,Number of businesses with turnover of $5m to less than $10m,,,,,15,12,23,25,29,
CABEE_47,Number of businesses by turnover - at 30 June,Number of businesses with turnover of $10m or more,,,,,19,22,16,21,29,
CABEE_50,Business entries by turnover - year ended 30 June,Number of business entries with turnover of zero to less than $50k,,,,,,122,147,147,118,
CABEE_51,Business entries by turnover - year ended 30 June,Number of business entries with turnover of $50k to less than $200k,,,,,,119,131,166,166,
CABEE_52,Business entries by turnover - year ended 30 June,Number of business entries with turnover of $200k to less than $2m,,,,,,50,74,89,78,
CABEE_53,Business entries by turnover - year ended 30 June,Number of business entries with turnover of $2m to less than $5m,,,,,,,,3,3,
CABEE_55,Business entries by turnover - year ended 30 June,Number of business entries with turnover of $10m or more,,,,,,3,,,,
CABEE_58,Business exits by turnover - year ended 30 June,Number of business exits with turnover of zero to less than $50k,,,,,,120,146,140,126,
CABEE_59,Business exits by turnover - year ended 30 June,Number of business exits with turnover of $50k to less than $200k,,,,,,77,73,70,90,
CABEE_60,Business exits by turnover - year ended 30 June,Number of business exits with turnover of $200k to less than $2m,,,,,,49,43,41,70,
CABEE_61,Business exits by turnover - year ended 30 June,Number of business exits with turnover of $2m to less than $5m,,,,,,,3,3,4,
CABEE_62,Business exits by turnover - year ended 30 June,Number of business exits with turnover of $5m to less than $10m,,,,,,,,3,,
CABEE_63,Business exits by turnover - year ended 30 June,Number of business exits with turnover of $10m or more,,,,,,,3,,,
BUILDING_2,Building approvals - year ended 30 June,Private sector houses (no.),,,,,26,8,12,7,3,4
BUILDING_3,Building approvals - year ended 30 June,Private sector dwellings excluding houses (no.),,,,,,,,1,,76
BUILDING_12,Building approvals - year ended 30 June,Total private sector dwelling units (no.),,,,,26,8,12,8,3,80
BUILDING_4,Building approvals - year ended 30 June,Total dwelling units (no.),,,,,26,8,14,8,3,80
BUILDING_5,Building approvals - year ended 30 June,Value of private sector houses ($m),,,,,9,3,4,2,3,2
BUILDING_6,Building approvals - year ended 30 June,Value of private sector dwellings excluding houses ($m),,,,,,,,,,24
BUILDING_7,Building approvals - year ended 30 June,Total value of private sector dwelling units ($m),,,,,9,3,4,2,3,27
BUILDING_8,Building approvals - year ended 30 June,Value of residential building ($m),,,,,10,4,5,5,4,27
BUILDING_9,Building approvals - year ended 30 June,Value of non-residential building ($m),,,,,46,31,17,50,9,50
BUILDING_10,Building approvals - year ended 30 June,Value of total building ($m),,,,,55,35,22,55,14,77
HOUSES_2,Residential property transfers - year ended 30 June,Number of established house transfers (no.),,,,462,422,414,559,591,408,
HOUSES_3,Residential property transfers - year ended 30 June,Median price of established house transfers ($),,,,490000,480500,493000,529500,704000,722500,
HOUSES_4,Residential property transfers - year ended 30 June,Number of attached dwelling transfers (no.),,,,50,65,55,81,143,113,
HOUSES_5,Residential property transfers - year ended 30 June,Median price of attached dwelling transfers ($),,,,376000,380000,355000,377500,408500,450000,
EMP_IND_2,Industry of employment - Persons aged 15 years and over - Census,"Agriculture, forestry and fishing (%)",0.2,0.4,,,,,0.3,,,
EMP_IND_3,Industry of employment - Persons aged 15 years and over - Census,Mining (%),1.4,1.5,,,,,1.4,,,
EMP_IND_4,Industry of employment - Persons aged 15 years and over - Census,Manufacturing (%),9,5.8,,,,,5.2,,,
EMP_IND_5,Industry of employment - Persons aged 15 years and over - Census,"Electricity, gas, water and waste services (%)",1.5,1.1,,,,,1.2,,,
EMP_IND_6,Industry of employment - Persons aged 15 years and over - Census,Construction (%),8.7,8.7,,,,,7.7,,,
EMP_IND_7,Industry of employment - Persons aged 15 years and over - Census,Wholesale trade (%),4.1,2.9,,,,,2.5,,,
EMP_IND_8,Industry of employment - Persons aged 15 years and over - Census,Retail trade (%),11.6,12.2,,,,,11.2,,,
EMP_IND_9,Industry of employment - Persons aged 15 years and over - Census,Accommodation and food services (%),5.4,6.3,,,,,7,,,
EMP_IND_10,Industry of employment - Persons aged 15 years and over - Census,"Transport, postal and warehousing (%)",6.8,6.5,,,,,5.9,,,
EMP_IND_11,Industry of employment - Persons aged 15 years and over - Census,Information media and telecommunications (%),1,1.5,,,,,1,,,
EMP_IND_12,Industry of employment - Persons aged 15 years and over - Census,Financial and insurance services (%),4.1,4,,,,,3.8,,,
EMP_IND_13,Industry of employment - Persons aged 15 years and over - Census,"Rental, hiring and real estate services (%)",2.3,2.1,,,,,1.7,,,
EMP_IND_14,Industry of employment - Persons aged 15 years and over - Census,"Professional, scientific and technical services (%)",6.7,6.4,,,,,6.8,,,
EMP_IND_15,Industry of employment - Persons aged 15 years and over - Census,Administrative and support services (%),3.3,3,,,,,3.1,,,
EMP_IND_16,Industry of employment - Persons aged 15 years and over - Census,Public administration and safety (%),7.5,7.1,,,,,6.5,,,
EMP_IND_17,Industry of employment - Persons aged 15 years and over - Census,Education and training (%),6.5,8.2,,,,,8.3,,,
EMP_IND_18,Industry of employment - Persons aged 15 years and over - Census,Health care and social assistance (%),13.4,13.5,,,,,16.9,,,
EMP_IND_19,Industry of employment - Persons aged 15 years and over - Census,Arts and recreation services (%),0.8,1.3,,,,,1.4,,,
EMP_IND_20,Industry of employment - Persons aged 15 years and over - Census,Other services (%),3.7,3.8,,,,,3.9,,,
EMP_IND_22,Industry of employment - Persons aged 15 years and over - Census,Industry of employment inadequately described or not stated (%),1.9,3.7,,,,,4.1,,,
EMP_IND_21,Industry of employment - Persons aged 15 years and over - Census,Total persons employed aged 15 years and over (no.),7402,10231,,,,,11656,,,
DWELLSTOCK_2,Estimated dwelling stock - as at June quarter,Houses - additions (no.),,,97,137,77,22,8,9,,
DWELLSTOCK_3,Estimated dwelling stock - as at June quarter,Houses - removals (no.),,,,1,2,,,1,,
DWELLSTOCK_4,Estimated dwelling stock - as at June quarter,Houses - total (no.),,,6600,6736,6811,6833,6841,6849,,
DWELLSTOCK_5,Estimated dwelling stock - as at June quarter,Townhouses - additions (no.),,,46,41,97,,,,,
DWELLSTOCK_7,Estimated dwelling stock - as at June quarter,Townhouses - total (no.),,,880,921,1018,1018,1018,1018,,
DWELLSTOCK_10,Estimated dwelling stock - as at June quarter,Apartments - total (no.),,,278,278,278,278,278,278,,
DWELLSTOCK_11,Estimated dwelling stock - as at June quarter,Total dwelling additions (no.),,,143,178,174,22,8,9,,
DWELLSTOCK_12,Estimated dwelling stock - as at June quarter,Total dwelling removals (no.),,,,1,2,,,1,,
DWELLSTOCK_13,Estimated dwelling stock - as at June quarter,Total dwellings (no.),,,7758,7935,8107,8129,8137,8145,,
CAPGAINS_1,Gross capital gains - year ended 30 June,Persons who reported gross capital gains (no.),,,,,,601,1016,1148,,
CAPGAINS_2,Gross capital gains - year ended 30 June,Total value of gross capital gains ($m),,,,,,11.5,19.6,36.2,,
CAPGAINS_3,Gross capital gains - year ended 30 June,Median value of gross capital gains ($),,,,,,2385,2014,2119,,
CAPGAINS_4,Gross capital gains - year ended 30 June,Mean value of gross capital gains ($),,,,,,19166,19340,31507,,
PERSINC_2,Total personal income (weekly) - Persons aged 15 years and over - Census,$1-$499 per week (%),,21.9,,,,,20.7,,,
PERSINC_3,Total personal income (weekly) - Persons aged 15 years and over - Census,$500-$999 per week (%),,24.1,,,,,22.1,,,
PERSINC_4,Total personal income (weekly) - Persons aged 15 years and over - Census,$1000-$1999 per week (%),,27.6,,,,,30,,,
PERSINC_5,Total personal income (weekly) - Persons aged 15 years and over - Census,$2000-$2999 per week (%),,6.1,,,,,8.5,,,
PERSINC_6,Total personal income (weekly) - Persons aged 15 years and over - Census,$3000 or more per week (%),,3,,,,,4.6,,,
PERSINC_7,Total personal income (weekly) - Persons aged 15 years and over - Census,Nil income (%),,10.4,,,,,9.5,,,
PERSINC_8,Total personal income (weekly) - Persons aged 15 years and over - Census,Negative income (%),,0.5,,,,,0.5,,,
PERSINC_9,Total personal income (weekly) - Persons aged 15 years and over - Census,Income inadequately described or not stated (%),,6.3,,,,,4.2,,,
EQUIV_2,Equivalised total household income (weekly) - Census,Median equivalised total household income (weekly) ($),970,1009,,,,,1173,,,
EQUIV_3,Equivalised total household income (weekly) - Census,$1-$499 per week (%),,13,,,,,10.2,,,
EQUIV_4,Equivalised total household income (weekly) - Census,$500-$999 per week (%),,30.6,,,,,26.3,,,
EQUIV_5,Equivalised total household income (weekly) - Census,$1000-$1999 per week (%),,37.3,,,,,41.5,,,
EQUIV_6,Equivalised total household income (weekly) - Census,$2000-$2999 per week (%),,6.9,,,,,11,,,
EQUIV_7,Equivalised total household income (weekly) - Census,$3000 or more per week (%),,1.5,,,,,3.1,,,
EQUIV_8,Equivalised total household income (weekly) - Census,Nil income (%),,1,,,,,1.1,,,
EQUIV_9,Equivalised total household income (weekly) - Census,Partial income stated (%),,8.4,,,,,5.6,,,
EQUIV_10,Equivalised total household income (weekly) - Census,All incomes not stated (%),,1.3,,,,,1.1,,,
PRESCH_2,Children enrolled in a preschool or preschool program (4 and 5 year olds),4 year olds enrolled in preschool or preschool program (no.),,,,374,410,416,416,384,319,
PRESCH_3,Children enrolled in a preschool or preschool program (4 and 5 year olds),5 year olds enrolled in preschool or preschool program (no.),,,,41,45,53,64,57,37,
PRESCH_5,Children enrolled in a preschool or preschool program (4 and 5 year olds),Children enrolled in preschool (no.),,,,97,83,83,79,72,27,
PRESCH_6,Children enrolled in a preschool or preschool program (4 and 5 year olds),Children enrolled in preschool program within centre based day care (no.),,,,313,357,369,382,354,313,
PRESCH_7,Children enrolled in a preschool or preschool program (4 and 5 year olds),Children enrolled across more than one provider type (no.),,,,11,17,19,19,17,15,
PRESCH_8,Children enrolled in a preschool or preschool program (4 and 5 year olds),Children enrolled in a preschool or preschool program (no.),,,,417,457,470,480,439,356,
PRESCH_10,Children attending a preschool or preschool program (4 and 5 year olds),Children attending preschool for less than 15 hours (no.),,,,60,102,40,52,48,34,
PRESCH_11,Children attending a preschool or preschool program (4 and 5 year olds),Children attending preschool for 15 hours or more (no.),,,,344,344,419,416,387,313,
HELP_2,Higher Education Loan Program (HELP) - year ended 30 June,Persons who made a HELP repayment (no.),,,,,,926,987,1040,,
LEED_2,Jobs in Australia - year ended 30 June,Number of jobs held by females,,8180,9217,9671,10545,10769,9742,,,
LEED_3,Jobs in Australia - year ended 30 June,Number of jobs held by males,,8921,9833,10404,10926,11173,9810,,,
LEED_4,Jobs in Australia - year ended 30 June,Number of jobs,,17098,19051,20080,21471,21943,19547,,,
LEED_5,Jobs in Australia - year ended 30 June,"Number of employee jobs - agriculture, forestry and fishing",,78,89,107,75,86,75,,,
LEED_6,Jobs in Australia - year ended 30 June,Number of employee jobs - mining,,205,189,177,210,197,188,,,
LEED_7,Jobs in Australia - year ended 30 June,Number of employee jobs - manufacturing,,980,1062,1103,1098,1083,983,,,
LEED_8,Jobs in Australia - year ended 30 June,"Number of employee jobs - electricity, gas, water and waste services",,136,138,137,161,151,134,,,
LEED_9,Jobs in Australia - year ended 30 June,Number of employee jobs - construction,,1271,1381,1401,1422,1417,1142,,,
LEED_10,Jobs in Australia - year ended 30 June,Number of employee jobs - wholesale trade,,583,704,760,851,817,751,,,
LEED_11,Jobs in Australia - year ended 30 June,Number of employee jobs - retail trade,,1731,2059,2047,2162,2169,1987,,,
LEED_12,Jobs in Australia - year ended 30 June,Number of employee jobs - accommodation and food services,,1222,1437,1428,1597,1648,1541,,,
LEED_13,Jobs in Australia - year ended 30 June,"Number of employee jobs - transport, postal and warehousing",,789,804,776,800,863,719,,,
LEED_14,Jobs in Australia - year ended 30 June,Number of employee jobs - information media and telecommunications,,143,157,161,199,201,168,,,
LEED_15,Jobs in Australia - year ended 30 June,Number of employee jobs - finance and insurance services,,671,742,794,879,925,800,,,
LEED_16,Jobs in Australia - year ended 30 June,"Number of employee jobs - rental, hiring and real estate services",,377,395,388,405,382,370,,,
LEED_17,Jobs in Australia - year ended 30 June,"Number of employee jobs - professional, scientific and technical services",,1023,1134,1291,1364,1304,1263,,,
LEED_18,Jobs in Australia - year ended 30 June,Number of employee jobs - administrative and support services,,1393,1712,1818,1956,1998,1688,,,
LEED_19,Jobs in Australia - year ended 30 June,Number of employee jobs - public administration and safety,,905,1018,1065,1147,1159,971,,,
LEED_20,Jobs in Australia - year ended 30 June,Number of employee jobs - education and training,,1162,1205,1280,1331,1392,1273,,,
LEED_21,Jobs in Australia - year ended 30 June,Number of employee jobs - health care and social assistance,,1997,2235,2503,2800,3012,2817,,,
LEED_22,Jobs in Australia - year ended 30 June,Number of employee jobs - arts and recreation services,,218,223,285,292,285,268,,,
LEED_23,Jobs in Australia - year ended 30 June,Number of employee jobs - other services,,495,606,576,650,698,642,,,
LEED_24,Jobs in Australia - year ended 30 June,Number of employee jobs - total,,15903,17753,18661,19879,20245,18005,,,
HIGH_2,Highest year of school completed - Persons aged 15 years and over who are no longer attending primary or secondary school - Census,Completed year 12 or equivalent (%),59.5,63.9,,,,,68,,,
HIGH_3,Highest year of school completed - Persons aged 15 years and over who are no longer attending primary or secondary school - Census,Completed year 11 or equivalent (%),8.7,7.4,,,,,6.8,,,
HIGH_4,Highest year of school completed - Persons aged 15 years and over who are no longer attending primary or secondary school - Census,Completed year 10 or equivalent (%),21,17.9,,,,,16,,,
HIGH_5,Highest year of school completed - Persons aged 15 years and over who are no longer attending primary or secondary school - Census,Completed year 9 or equivalent (%),3.3,2.6,,,,,2.5,,,
HIGH_6,Highest year of school completed - Persons aged 15 years and over who are no longer attending primary or secondary school - Census,Completed year 8 or below (%),2.6,2.1,,,,,2.2,,,
HIGH_8,Highest year of school completed - Persons aged 15 years and over who are no longer attending primary or secondary school - Census,Highest year of school completed not stated (%),4.7,5.9,,,,,4.2,,,
HIGH_7,Highest year of school completed - Persons aged 15 years and over who are no longer attending primary or secondary school - Census,Did not go to school (%),0.2,0.2,,,,,0.3,,,
SCHOOL_2,Non-school qualifications - Persons aged 15 years and over - Census,Total persons with non-school qualification(s) (%),59.3,62.8,,,,,64.9,,,
SCHOOL_3,Non-school qualifications - Persons aged 15 years and over - Census,Postgraduate degree (%),2.8,4,,,,,5.1,,,
SCHOOL_4,Non-school qualifications - Persons aged 15 years and over - Census,Graduate diploma/graduate certificate (%),1.7,2,,,,,2.4,,,
SCHOOL_5,Non-school qualifications - Persons aged 15 years and over - Census,Bachelor degree (%),14.3,14.8,,,,,16.6,,,
SCHOOL_6,Non-school qualifications - Persons aged 15 years and over - Census,Advanced diploma/diploma (%),11.3,11.9,,,,,12.4,,,
SCHOOL_7,Non-school qualifications - Persons aged 15 years and over - Census,Certificate (%),21.9,22.6,,,,,22.7,,,
SCHOOL_9,Non-school qualifications - Persons aged 15 years and over - Census,Non-school qualification inadequately described (%),1.5,0.8,,,,,0.7,,,
SCHOOL_10,Non-school qualifications - Persons aged 15 years and over - Census,Non-school qualification not stated (%),5.8,6.7,,,,,5.1,,,
FIELD_2,Non-school qualification: field of study - Persons aged 15 years and over - Census,Natural and physical sciences (%),1.9,1.8,,,,,2,,,
FIELD_3,Non-school qualification: field of study - Persons aged 15 years and over - Census,Information technology (%),3.4,3.4,,,,,3.9,,,
FIELD_4,Non-school qualification: field of study - Persons aged 15 years and over - Census,Engineering and related technologies (%),16.8,15,,,,,13.6,,,
FIELD_5,Non-school qualification: field of study - Persons aged 15 years and over - Census,Architecture and building (%),5.7,4.9,,,,,4.2,,,
FIELD_6,Non-school qualification: field of study - Persons aged 15 years and over - Census,"Agriculture, environmental and related studies (%)",1.3,1,,,,,1.1,,,
FIELD_7,Non-school qualification: field of study - Persons aged 15 years and over - Census,Health (%),10.3,10.5,,,,,11.7,,,
FIELD_8,Non-school qualification: field of study - Persons aged 15 years and over - Census,Education (%),7.6,7.7,,,,,8.1,,,
FIELD_9,Non-school qualification: field of study - Persons aged 15 years and over - Census,Management and commerce (%),21.8,23.1,,,,,22.9,,,
FIELD_10,Non-school qualification: field of study - Persons aged 15 years and over - Census,Society and culture (%),11.4,12.3,,,,,13.3,,,
FIELD_11,Non-school qualification: field of study - Persons aged 15 years and over - Census,Creative arts (%),2.4,3.2,,,,,3.4,,,
FIELD_12,Non-school qualification: field of study - Persons aged 15 years and over - Census,"Food, hospitality and personal services (%)",6.5,6.1,,,,,5.9,,,
FIELD_13,Non-school qualification: field of study - Persons aged 15 years and over - Census,Mixed field programmes (%),0.2,0.1,,,,,0.3,,,
FIELD_15,Non-school qualification: field of study - Persons aged 15 years and over - Census,Field of study inadequately described (%),1.2,1,,,,,1.5,,,
FIELD_16,Non-school qualification: field of study - Persons aged 15 years and over - Census,Field of study not stated (%),9.8,9.9,,,,,8.1,,,
YOUTH_2,Youth engagement in work/study - Persons aged 15-19 years - Census,Working full-time and studying part-time (%),2.3,0.9,,,,,1.6,,,
YOUTH_3,Youth engagement in work/study - Persons aged 15-19 years - Census,Working part time and studying part-time (%),2,1.9,,,,,1.3,,,
YOUTH_4,Youth engagement in work/study - Persons aged 15-19 years - Census,Working part-time and studying full-time (%),29,24.8,,,,,26.1,,,
YOUTH_5,Youth engagement in work/study - Persons aged 15-19 years - Census,Working full-time (not studying) (%),6.7,6.6,,,,,3.8,,,
YOUTH_6,Youth engagement in work/study - Persons aged 15-19 years - Census,Studying full-time (not working) (%),41.5,42.7,,,,,43.1,,,
YOUTH_7,Youth engagement in work/study - Persons aged 15-19 years - Census,Working full-time and studying full-time (%),0.5,0.6,,,,,0.4,,,
YOUTH_10,Youth engagement in work/study - Persons aged 15-19 years - Census,Working (away from work) and studying full-time (%),1,0.9,,,,,6.4,,,
YOUTH_11,Youth engagement in work/study - Persons aged 15-19 years - Census,Other fully engaged (%),0.5,0.7,,,,,1.2,,,
YOUTH_8,Youth engagement in work/study - Persons aged 15-19 years - Census,Total fully engaged (%),83.6,78.6,,,,,84,,,
YOUTH_9,Youth engagement in work/study - Persons aged 15-19 years - Census,Total persons aged 15-19 years (no.),923,1523,,,,,1749,,,
LF_6,Labour force status - Persons aged 15 years and over - Census,Employed (no.),7402,10231,,,,,11656,,,
LF_3,Labour force status - Persons aged 15 years and over - Census,Unemployed (no.),403,839,,,,,667,,,
LF_2,Labour force status - Persons aged 15 years and over - Census,In the labour force (no.),7808,11072,,,,,12316,,,
LF_4,Labour force status - Persons aged 15 years and over - Census,Unemployment rate (%),5.2,7.6,,,,,5.4,,,
LF_5,Labour force status - Persons aged 15 years and over - Census,Participation rate (%),73.3,70.4,,,,,70.2,,,
LF_7,Labour force status - Persons aged 15 years and over - Census,Not in the labour force (%),23.4,24.6,,,,,26.5,,,
LF_8,Labour force status - Persons aged 15 years and over - Census,Labour force status not stated (%),3.4,4.9,,,,,3.3,,,
LF_9,Labour force status - Persons aged 15 years and over - Census,Total persons aged 15 years and over (no.),10655,15725,,,,,17542,,,
EMP_OCC_2,Occupation of employed persons - Persons aged 15 years and over - Census,Managers (%),13.9,12.8,,,,,12.7,,,
EMP_OCC_3,Occupation of employed persons - Persons aged 15 years and over - Census,Professionals (%),21.3,20.9,,,,,21.6,,,
EMP_OCC_4,Occupation of employed persons - Persons aged 15 years and over - Census,Technicians and trades workers (%),13.5,13,,,,,11.9,,,
EMP_OCC_5,Occupation of employed persons - Persons aged 15 years and over - Census,Community and personal service workers (%),10.4,12.2,,,,,13.8,,,
EMP_OCC_6,Occupation of employed persons - Persons aged 15 years and over - Census,Clerical and administrative workers (%),16.8,15.3,,,,,14.5,,,
EMP_OCC_7,Occupation of employed persons - Persons aged 15 years and over - Census,Sales workers (%),11.1,11.5,,,,,9.9,,,
EMP_OCC_8,Occupation of employed persons - Persons aged 15 years and over - Census,Machinery operators and drivers (%),4.6,5.3,,,,,5.8,,,
EMP_OCC_9,Occupation of employed persons - Persons aged 15 years and over - Census,Labourers (%),6.9,7.8,,,,,8.1,,,
EMP_OCC_10,Occupation of employed persons - Persons aged 15 years and over - Census,Occupation inadequately described or not stated (%),1.4,1.3,,,,,1.9,,,
PRIVATE_2,Private health insurance - year ended 30 June,Persons who reported having private health insurance (no.),,,,,,6878,6957,7075,,
DISAB_2,Selected disability and carers characteristics (modelled estimates) - Persons living in households,Persons with disability (no.),,,,4818,,,,,,
DISAB_3,Selected disability and carers characteristics (modelled estimates) - Persons living in households,Persons with disability (%),,,,18.7,,,,,,
DISAB_4,Selected disability and carers characteristics (modelled estimates) - Persons living in households,Persons with profound or severe core activity limitation (no.),,,,1032,,,,,,
DISAB_5,Selected disability and carers characteristics (modelled estimates) - Persons living in households,Persons with profound or severe core activity limitation (%),,,,4,,,,,,
DISAB_6,Selected disability and carers characteristics (modelled estimates) - Persons living in households,Persons with moderate or mild core activity limitation (no.),,,,1607,,,,,,
DISAB_7,Selected disability and carers characteristics (modelled estimates) - Persons living in households,Persons with moderate or mild core activity limitation (%),,,,6.2,,,,,,
DISAB_8,Selected disability and carers characteristics (modelled estimates) - Persons living in households,Persons who are carers (no.),,,,2268,,,,,,
DISAB_9,Selected disability and carers characteristics (modelled estimates) - Persons living in households,Persons who are carers (%),,,,8.8,,,,,,
DISAB_10,Selected disability and carers characteristics (modelled estimates) - Persons living in households,Persons aged 15 years and over who are primary carers (no.),,,,686,,,,,,
DISAB_11,Selected disability and carers characteristics (modelled estimates) - Persons living in households,Persons aged 15 years and over who are primary carers (%),,,,3.6,,,,,,
DISAB_12,Selected disability and carers characteristics (modelled estimates) - Persons living in households,Persons who are non-primary carers (no.),,,,1613,,,,,,
DISAB_13,Selected disability and carers characteristics (modelled estimates) - Persons living in households,Persons who are non-primary carers (%),,,,6.3,,,,,,
DISAB_14,Selected disability and carers characteristics (modelled estimates) - Persons living in households,"Persons with disability aged 15 years and over who need assistance or have difficulty with household chores, meal preparation or property maintenance (accommodation support) (no.)",,,,1137,,,,,,
DISAB_15,Selected disability and carers characteristics (modelled estimates) - Persons living in households,"Persons with disability aged 15 years and over who need assistance or have difficulty with household chores, meal preparation or property maintenance (accommodation support) (%)",,,,6,,,,,,
DISAB_16,Selected disability and carers characteristics (modelled estimates) - Persons living in households,Persons with disability who need assistance or have difficulty with personal/health care (no.),,,,1983,,,,,,
DISAB_17,Selected disability and carers characteristics (modelled estimates) - Persons living in households,Persons with disability who need assistance or have difficulty with personal/health care (%),,,,7.7,,,,,,
DISAB_18,Selected disability and carers characteristics (modelled estimates) - Persons living in households,Persons with disability aged 16 years and over who need assistance or have difficulty with private transport (no.),,,,685,,,,,,
DISAB_19,Selected disability and carers characteristics (modelled estimates) - Persons living in households,Persons with disability aged 16 years and over who need assistance or have difficulty with private transport (%),,,,3.7,,,,,,
DISAB_20,Selected disability and carers characteristics (modelled estimates) - Persons living in households,Persons with disability aged 0-64 years whose need for assistance with core activities is fully met (no.),,,,514,,,,,,
DISAB_21,Selected disability and carers characteristics (modelled estimates) - Persons living in households,Persons with disability aged 0-64 years whose need for assistance with core activities is fully met (%),,,,2.2,,,,,,
DISAB_22,Selected disability and carers characteristics (modelled estimates) - Persons living in households,Persons with disability aged 0-64 years whose need for assistance with core activities is partly met or not met at all (no.),,,,200,,,,,,
DISAB_23,Selected disability and carers characteristics (modelled estimates) - Persons living in households,Persons with disability aged 0-64 years whose need for assistance with core activities is partly met or not met at all (%),,,,0.8,,,,,,
ACTIV_3,Core activity need for assistance - Census,Persons who have need for assistance with core activities (no.),363,851,,,,,1199,,,
ACTIV_2,Core activity need for assistance - Census,Persons who have need for assistance with core activities (%),2.4,3.9,,,,,5.2,,,
LTHLTH_2,Long-term health conditions - Census,Arthritis (%),,,,,,,6.8,,,
LTHLTH_3,Long-term health conditions - Census,Asthma (%),,,,,,,8.1,,,
LTHLTH_4,Long-term health conditions - Census,Cancer (including remission) (%),,,,,,,2.3,,,
LTHLTH_5,Long-term health conditions - Census,Dementia (including Alzheimer's) (%),,,,,,,0.7,,,
LTHLTH_6,Long-term health conditions - Census,Diabetes (excluding gestational diabetes) (%),,,,,,,4,,,
LTHLTH_7,Long-term health conditions - Census,Heart disease (including heart attack or angina) (%),,,,,,,3.4,,,
LTHLTH_8,Long-term health conditions - Census,Kidney disease (%),,,,,,,0.9,,,
LTHLTH_9,Long-term health conditions - Census,Lung condition (including COPD or emphysema) (%),,,,,,,1.5,,,
LTHLTH_10,Long-term health conditions - Census,Mental health condition (including depression or anxiety) (%),,,,,,,9.7,,,
LTHLTH_11,Long-term health conditions - Census,Stroke (%),,,,,,,0.7,,,
LTHLTH_12,Long-term health conditions - Census,Other long-term health condition(s) (%),,,,,,,9.3,,,
LTHLTH_13,Long-term health conditions - Census,No long-term health condition(s) (%),,,,,,,63.3,,,
GIFTS2,Gifts and donations - year ended 30 June,Persons who made a gift or donation deduction (no.),,,,,,3888,3826,3847,,
GIFTS3,Gifts and donations - year ended 30 June,Median value of gift and donation deductions ($),,,,,,100,100,100,,
WORK_TRAV_3,Method of travel to work - Employed persons aged 15 years and over - Census,Used one method - train (no.),191,320,,,,,264,,,
WORK_TRAV_4,Method of travel to work - Employed persons aged 15 years and over - Census,Used one method - bus (no.),37,99,,,,,42,,,
WORK_TRAV_5,Method of travel to work - Employed persons aged 15 years and over - Census,Used one method - car (as driver) (no.),4835,6850,,,,,6995,,,
WORK_TRAV_21,Method of travel to work - Employed persons aged 15 years and over - Census,Used one method - car (as passenger) (no.),430,541,,,,,488,,,
WORK_TRAV_20,Method of travel to work - Employed persons aged 15 years and over - Census,Used one method - taxi or ride-share service (no.),3,18,,,,,20,,,
WORK_TRAV_22,Method of travel to work - Employed persons aged 15 years and over - Census,Used one method - truck (no.),60,54,,,,,42,,,
WORK_TRAV_6,Method of travel to work - Employed persons aged 15 years and over - Census,Used one method - motor bike/scooter (no.),50,117,,,,,86,,,
WORK_TRAV_7,Method of travel to work - Employed persons aged 15 years and over - Census,Used one method - bicycle (no.),21,28,,,,,27,,,
WORK_TRAV_8,Method of travel to work - Employed persons aged 15 years and over - Census,Used one method - other (no.),51,68,,,,,65,,,
WORK_TRAV_9,Method of travel to work - Employed persons aged 15 years and over - Census,Used one method - walked only (no.),85,155,,,,,116,,,
WORK_TRAV_10,Method of travel to work - Employed persons aged 15 years and over - Census,Used one method - total persons (no.),5771,8258,,,,,8154,,,
WORK_TRAV_12,Method of travel to work - Employed persons aged 15 years and over - Census,Used more than one method - total persons (no.),482,500,,,,,277,,,
WORK_TRAV_23,Method of travel to work - Employed persons aged 15 years and over - Census,"Used at least one form of public transport (train, tram, bus, ferry) (no.)",659,861,,,,,528,,,
WORK_TRAV_24,Method of travel to work - Employed persons aged 15 years and over - Census,Travelled to work by car (as a driver or passenger) as at least one method of travel (no.),5656,7796,,,,,7696,,,
WORK_TRAV_14,Method of travel to work - Employed persons aged 15 years and over - Census,Worked from home (no.),308,485,,,,,1870,,,
WORK_TRAV_15,Method of travel to work - Employed persons aged 15 years and over - Census,Employed but did not go to work (no.),773,939,,,,,1305,,,
WORK_TRAV_16,Method of travel to work - Employed persons aged 15 years and over - Census,Method of travel not stated (no.),71,56,,,,,48,,,
WORK_TRAV_17,Method of travel to work - Employed persons aged 15 years and over - Census,Total persons employed aged 15 years and over (no.),7402,10231,,,,,11656,,,
HHTYPE_2,Household composition - Occupied private dwellings - Census,Lone person households (no.),598,912,,,,,1201,,,
HHTYPE_3,Household composition - Occupied private dwellings - Census,Group households (no.),110,147,,,,,170,,,
HHTYPE_4,Household composition - Occupied private dwellings - Census,Family households (no.),4159,5776,,,,,6289,,,
HHTYPE_5,Household composition - Occupied private dwellings - Census,Total households (no.),4872,6837,,,,,7657,,,
HHTYPE_6,Household composition - Occupied private dwellings - Census,Average household size (no. of persons),3,3,,,,,2.9,,,
FAMILY_2,Family composition - Families in family households - Census,Couple families with children under 15 and/or dependent students (no.),2171,2944,,,,,2968,,,
FAMILY_3,Family composition - Families in family households - Census,Couple families with non-dependent children only (no.),166,322,,,,,406,,,
FAMILY_4,Family composition - Families in family households - Census,Couple families without children (no.),1336,1715,,,,,1964,,,
FAMILY_5,Family composition - Families in family households - Census,One parent families with children under 15 and/or dependent students (no.),427,717,,,,,797,,,
FAMILY_6,Family composition - Families in family households - Census,One parent families with non-dependent children only (no.),99,177,,,,,252,,,
FAMILY_7,Family composition - Families in family households - Census,Other families (no.),23,45,,,,,53,,,
FAMILY_8,Family composition - Families in family households - Census,Total families (no.),4231,5917,,,,,6444,,,
FAMILY_9,Family composition - Families in family households - Census,Average family size (no. of persons),3.2,3.2,,,,,3.2,,,
MARRIAGE_2,Social marital status - Persons aged 15 years and over usually resident and present in the household on Census night,Married in a registered marriage (no.),5917,7781,,,,,8540,,,
MARRIAGE_3,Social marital status - Persons aged 15 years and over usually resident and present in the household on Census night,Married in a de facto marriage (no.),1240,1842,,,,,1918,,,
MARRIAGE_4,Social marital status - Persons aged 15 years and over usually resident and present in the household on Census night,Not married (no.),2837,4757,,,,,5990,,,
MARRIAGE_5,Registered marital status - Persons aged 15 years and over - Census,Married (%),59,54.6,,,,,51.5,,,
MARRIAGE_6,Registered marital status - Persons aged 15 years and over - Census,Never married (%),27.2,30.7,,,,,33.2,,,
MARRIAGE_7,Registered marital status - Persons aged 15 years and over - Census,Widowed (%),3.5,3.4,,,,,3.8,,,
MARRIAGE_8,Registered marital status - Persons aged 15 years and over - Census,Divorced (%),7.1,7.9,,,,,8.2,,,
MARRIAGE_9,Registered marital status - Persons aged 15 years and over - Census,Separated (%),3.4,3.5,,,,,3.3,,,
INTERNET_2,Access to internet at home - Occupied private dwellings - Census,Internet accessed from dwelling (%),,93.1,,,,,,,,
INTERNET_3,Access to internet at home - Occupied private dwellings - Census,Internet not accessed from dwelling (%),,5.4,,,,,,,,
INTERNET_4,Access to internet at home - Occupied private dwellings - Census,Access to internet at home inadequately described or not stated (%),,1.5,,,,,,,,
RENT_4,Rent and mortgage payments - Occupied private dwellings - Census,Median weekly household rental payment ($),380,400,,,,,420,,,
RENT_5,Rent and mortgage payments - Occupied private dwellings - Census,Median monthly household mortgage payment ($),2300,2076,,,,,1950,,,
CHILDCAR_2,Unpaid child care - Persons aged 15 years and over - Census,Persons who did not provide child care (%),52.8,53.7,,,,,61.1,,,
CHILDCAR_3,Unpaid child care - Persons aged 15 years and over - Census,Persons who cared for own child/children (%),34.4,32.3,,,,,28.6,,,
CHILDCAR_4,Unpaid child care - Persons aged 15 years and over - Census,Persons who cared for other child/children (%),6.4,6.7,,,,,5.7,,,
CHILDCAR_5,Unpaid child care - Persons aged 15 years and over - Census,Persons who cared for own child/children and other child/children (%),1.7,1.4,,,,,3.8,,,
CHILDCAR_6,Unpaid child care - Persons aged 15 years and over - Census,Unpaid child care not stated (%),4.7,5.9,,,,,0.8,,,
UNPAIDW_2,Unpaid work - Persons aged 15 years and over - Census,Persons who provided unpaid assistance to a person with a disability (%),8.1,9.2,,,,,10.4,,,
UNPAIDW_3,Unpaid work - Persons aged 15 years and over - Census,Persons undertaking voluntary work for an organisation or group (%),14.9,15.4,,,,,12.0,,,
CHILD_2,Average number of children per family - Families with children - Census,Average number of children per family (for families with children) (no.),1.9,1.9,,,,,1.9,,,
HOUSE_2,Housing suitability - Occupied private dwellings - Census,Dwellings with extra bedrooms needed (no.),,99,,,,,115,,,
HOUSE_3,Housing suitability - Occupied private dwellings - Census,Dwellings with bedrooms spare (no.),,5727,,,,,6454,,,
HOUSE_4,Housing suitability - Occupied private dwellings - Census,Dwellings with no bedrooms needed or spare (no.),,682,,,,,779,,,
DWELL_2,Dwelling structure - Occupied private dwellings - Census,Separate house (no.),4555,5926,,,,,6499,,,
DWELL_3,Dwelling structure - Occupied private dwellings - Census,"Semi-detached, row or terrace house, townhouse etc. (no.)",251,747,,,,,918,,,
DWELL_4,Dwelling structure - Occupied private dwellings - Census,Flat or apartment (no.),72,160,,,,,234,,,
DWELL_6,Dwelling structure - Occupied private dwellings - Census,Dwelling structure not stated (no.),,3,,,,,,,,
DWELL_7,Dwelling structure - Occupied private dwellings - Census,Total occupied private dwellings (no.),4872,6837,,,,,7657,,,
TENURE_7,Tenure type - Occupied private dwellings - Census,Owned outright (no.),721,1054,,,,,1344,,,
TENURE_8,Tenure type - Occupied private dwellings - Census,Owned with a mortgage (no.),2291,2693,,,,,3179,,,
TENURE_9,Tenure type - Occupied private dwellings - Census,Rented (no.),1696,2817,,,,,2855,,,
TENURE_10,Tenure type - Occupied private dwellings - Census,Other tenure type (no.),103,161,,,,,206,,,
TENURE_11,Tenure type - Occupied private dwellings - Census,Tenure type not stated (no.),63,112,,,,,72,,,
TENURE_2,Tenure type - Occupied private dwellings - Census,Owned outright (%),14.8,15.4,,,,,17.6,,,
TENURE_3,Tenure type - Occupied private dwellings - Census,Owned with a mortgage (%),47,39.4,,,,,41.5,,,
TENURE_4,Tenure type - Occupied private dwellings - Census,Rented (%),34.8,41.2,,,,,37.3,,,
TENURE_5,Tenure type - Occupied private dwellings - Census,Other tenure type (%),2.1,2.4,,,,,2.7,,,
TENURE_6,Tenure type - Occupied private dwellings - Census,Tenure type not stated (%),1.3,1.6,,,,,0.9,,,
STRESS_10,Mortgage and rent affordability indicators - Occupied private dwellings - Census,Households where mortgage repayments are less than or equal to 30% of imputed household income (no.),,,,,,,2541,,,
STRESS_11,Mortgage and rent affordability indicators - Occupied private dwellings - Census,Households where mortgage repayments are more than 30% of imputed household income (no.),,,,,,,321,,,
STRESS_12,Mortgage and rent affordability indicators - Occupied private dwellings - Census,Households where rent payments are less than or equal to 30% of imputed household income (no.),,,,,,,1863,,,
STRESS_13,Mortgage and rent affordability indicators - Occupied private dwellings - Census,Households where rent payments are more than 30% of imputed household income (no.),,,,,,,734,,,
STRESS_14,Mortgage and rent affordability indicators - Occupied private dwellings - Census,Households where mortgage repayments are less than or equal to 30% of imputed household income (%),,,,,,,79.9,,,
STRESS_15,Mortgage and rent affordability indicators - Occupied private dwellings - Census,Households where mortgage repayments are more than 30% of imputed household income (%),,,,,,,10.1,,,
STRESS_16,Mortgage and rent affordability indicators - Occupied private dwellings - Census,Households where rent payments are less than or equal to 30% of imputed household income (%),,,,,,,65.3,,,
STRESS_17,Mortgage and rent affordability indicators - Occupied private dwellings - Census,Households where rent payments are more than 30% of imputed household income (%),,,,,,,25.7,,,
SEIFAA_2,Socio-economic indexes for areas (SEIFA) - rank within Australia - Census,SEIFA Index of relative socio-economic disadvantage (IRSD) - rank within Australia (decile),,,,,,,7,,,
SEIFAA_3,Socio-economic indexes for areas (SEIFA) - rank within Australia - Census,SEIFA Index of relative socio-economic advantage and disadvantage (IRSAD) - rank within Australia (decile),,,,,,,7,,,
SEIFAA_4,Socio-economic indexes for areas (SEIFA) - rank within Australia - Census,SEIFA Index of education and occupation (IEO) - rank within Australia (decile),,,,,,,7,,,
SEIFAA_5,Socio-economic indexes for areas (SEIFA) - rank within Australia - Census,SEIFA Index of economic resources (IER) - rank within Australia (decile),,,,,,,8,,,
SEIFAS_2,Socio-economic indexes for areas (SEIFA) - rank within State or Territory - Census,SEIFA Index of relative socio-economic disadvantage (IRSD) - rank within State or Territory (decile),,,,,,,8,,,
SEIFAS_3,Socio-economic indexes for areas (SEIFA) - rank within State or Territory - Census,SEIFA Index of relative socio-economic advantage and disadvantage (IRSAD) - rank within State or Territory (decile),,,,,,,8,,,
SEIFAS_4,Socio-economic indexes for areas (SEIFA) - rank within State or Territory - Census,SEIFA Index of education and occupation (IEO) - rank within State or Territory (decile),,,,,,,7,,,
SEIFAS_5,Socio-economic indexes for areas (SEIFA) - rank within State or Territory - Census,SEIFA Index of economic resources (IER) - rank within State or Territory (decile),,,,,,,8,,,
HOMELESS_3,Homelessness - Census,Count of homeless persons (no.),4,11,,,,,24,,,
VEHIC_2,Number of motor vehicles per household - Occupied private dwellings - Census,No motor vehicles (no.),106,155,,,,,213,,,
VEHIC_3,Number of motor vehicles per household - Occupied private dwellings - Census,One motor vehicle (no.),1556,2194,,,,,2539,,,
VEHIC_4,Number of motor vehicles per household - Occupied private dwellings - Census,Two motor vehicles (no.),2457,3282,,,,,3419,,,
VEHIC_5,Number of motor vehicles per household - Occupied private dwellings - Census,Three motor vehicles (no.),522,782,,,,,1027,,,
VEHIC_6,Number of motor vehicles per household - Occupied private dwellings - Census,Four or more motor vehicles (no.),142,302,,,,,398,,,
TOTMIG_3,Number of persons born overseas - Census,Males born overseas (no.),,3560,,,,,3865,,,
TOTMIG_2,Number of persons born overseas - Census,Females born overseas (no.),,3782,,,,,4087,,,
TOTMIG_4,Number of persons born overseas - Census,Persons born overseas (no.),,7349,,,,,7957,,,
AGEMIG_2,Age of persons born overseas - Census,0-4 years (no.),,100,,,,,48,,,
AGEMIG_3,Age of persons born overseas - Census,5-9 years (no.),,367,,,,,230,,,
AGEMIG_4,Age of persons born overseas - Census,10-14 years (no.),,521,,,,,407,,,
AGEMIG_5,Age of persons born overseas - Census,15-19 years (no.),,540,,,,,519,,,
AGEMIG_6,Age of persons born overseas - Census,20-24 years (no.),,377,,,,,409,,,
AGEMIG_7,Age of persons born overseas - Census,25-29 years (no.),,433,,,,,403,,,
AGEMIG_8,Age of persons born overseas - Census,30-34 years (no.),,712,,,,,593,,,
AGEMIG_9,Age of persons born overseas - Census,35-39 years (no.),,779,,,,,880,,,
AGEMIG_10,Age of persons born overseas - Census,40-44 years (no.),,851,,,,,888,,,
AGEMIG_11,Age of persons born overseas - Census,45-49 years (no.),,814,,,,,845,,,
AGEMIG_12,Age of persons born overseas - Census,50-54 years (no.),,570,,,,,776,,,
AGEMIG_13,Age of persons born overseas - Census,55-59 years (no.),,323,,,,,565,,,
AGEMIG_14,Age of persons born overseas - Census,60-64 years (no.),,236,,,,,378,,,
AGEMIG_15,Age of persons born overseas - Census,65-69 years (no.),,261,,,,,289,,,
AGEMIG_16,Age of persons born overseas - Census,70-74 years (no.),,194,,,,,268,,,
AGEMIG_17,Age of persons born overseas - Census,75-79 years (no.),,127,,,,,222,,,
AGEMIG_18,Age of persons born overseas - Census,80-84 years (no.),,85,,,,,123,,,
AGEMIG_19,Age of persons born overseas - Census,85 years and over (no.),,68,,,,,107,,,
ARRMIG_2,Year of arrival of persons born overseas - Census,Arrived within 5 years (%),,20.9,,,,,11.5,,,
ARRMIG_3,Year of arrival of persons born overseas - Census,Arrived 5-10 years ago (%),,33.8,,,,,20.1,,,
ARRMIG_4,Year of arrival of persons born overseas - Census,Arrived over 10 years ago (%),,43.2,,,,,67,,,
ARRMIG_5,Year of arrival of persons born overseas - Census,Arrival not stated (%),,2,,,,,1.4,,,
CITMIG_2,Citizenship status of persons born overseas - Census,Australian citizen (%),,50.4,,,,,58.8,,,
CITMIG_3,Citizenship status of persons born overseas - Census,Not an Australian citizen (%),,48,,,,,40.8,,,
CITMIG_4,Citizenship status of persons born overseas - Census,Citizenship not stated (%),,1.5,,,,,0.5,,,
RELMIG_2,Religious affiliation of persons born overseas - Census,Buddhism (%),,2.4,,,,,2.5,,,
RELMIG_3,Religious affiliation of persons born overseas - Census,Christianity (%),,53.6,,,,,48.7,,,
RELMIG_4,Religious affiliation of persons born overseas - Census,Hinduism (%),,5.3,,,,,6.8,,,
RELMIG_5,Religious affiliation of persons born overseas - Census,Islam (%),,1.5,,,,,1.9,,,
RELMIG_6,Religious affiliation of persons born overseas - Census,Judaism (%),,0.2,,,,,0.1,,,
RELMIG_7,Religious affiliation of persons born overseas - Census,Other religion (%),,1.8,,,,,3.5,,,
RELMIG_11,Religious affiliation of persons born overseas - Census,"Secular beliefs, other spiritual beliefs, no religion (%)",,31.1,,,,,34.2,,,
RELMIG_9,Religious affiliation of persons born overseas - Census,Religious affiliation inadequately described or not stated (%),,4.2,,,,,2.3,,,
ENGMIG_2,English proficiency of persons born overseas - Census,Proficient in English (%),,97.4,,,,,97.1,,,
ENGMIG_3,English proficiency of persons born overseas - Census,Not proficient in English (%),,2.2,,,,,2.6,,,
ENGMIG_4,English proficiency of persons born overseas - Census,English proficiency not stated (%),,0.3,,,,,0.3,,,
QUALMIG_2,Level of highest educational attainment of persons born overseas - Census,Postgraduate degree level (%),,7,,,,,9,,,
QUALMIG_3,Level of highest educational attainment of persons born overseas - Census,Graduate diploma and graduate certificate level (%),,2,,,,,2.3,,,
QUALMIG_4,Level of highest educational attainment of persons born overseas - Census,Bachelor degree level (%),,19.9,,,,,21.9,,,
QUALMIG_5,Level of highest educational attainment of persons born overseas - Census,Advanced diploma and diploma level (%),,13,,,,,13.5,,,
QUALMIG_6,Level of highest educational attainment of persons born overseas - Census,Certificate level (%),,16.8,,,,,16.2,,,
QUALMIG_7,Level of highest educational attainment of persons born overseas - Census,School education level (%),,34.6,,,,,30.8,,,
QUALMIG_8,Level of highest educational attainment of persons born overseas - Census,Education not stated (%),,2.9,,,,,2.6,,,
OCCMIG_2,Occupation of persons born overseas - Persons aged 15 years and over - Census,Managers (%),,12.7,,,,,12,,,
OCCMIG_3,Occupation of persons born overseas - Persons aged 15 years and over - Census,Professionals (%),,23.5,,,,,24.9,,,
OCCMIG_4,Occupation of persons born overseas - Persons aged 15 years and over - Census,Technicians and trades workers (%),,13.6,,,,,11.7,,,
OCCMIG_5,Occupation of persons born overseas - Persons aged 15 years and over - Census,Community and personal service workers (%),,11.5,,,,,13.7,,,
OCCMIG_6,Occupation of persons born overseas - Persons aged 15 years and over - Census,Clerical and administrative workers (%),,13,,,,,12.8,,,
OCCMIG_7,Occupation of persons born overseas - Persons aged 15 years and over - Census,Sales workers (%),,10,,,,,8,,,
OCCMIG_8,Occupation of persons born overseas - Persons aged 15 years and over - Census,Machinery operators and drivers (%),,5.5,,,,,6.5,,,
OCCMIG_9,Occupation of persons born overseas - Persons aged 15 years and over - Census,Labourers (%),,9,,,,,8.3,,,
OCCMIG_10,Occupation of persons born overseas - Persons aged 15 years and over - Census,Occupation inadequately described or not stated (%),,1.4,,,,,1.8,,,
OCCMIG_11,Occupation of persons born overseas - Persons aged 15 years and over - Census,Overseas born population employed (no.),,4343,,,,,5072,,,
LFMIG_6,Labour force status of persons born overseas - Persons aged 15 years and over - Census,Employed (no.),,4343,,,,,5072,,,
LFMIG_3,Labour force status of persons born overseas - Persons aged 15 years and over - Census,Unemployed (no.),,421,,,,,292,,,
LFMIG_2,Labour force status of persons born overseas - Persons aged 15 years and over - Census,In the labour force (no.),,4763,,,,,5362,,,
LFMIG_5,Labour force status of persons born overseas - Persons aged 15 years and over - Census,Unemployment rate (%),,8.8,,,,,5.4,,,
LFMIG_4,Labour force status of persons born overseas - Persons aged 15 years and over - Census,Participation rate (%),,74.9,,,,,73.8,,,
LFMIG_11,Labour force status of persons born overseas - Persons aged 15 years and over - Census,Not in the labour force (%),,24.7,,,,,25.4,,,
LFMIG_12,Labour force status of persons born overseas - Persons aged 15 years and over - Census,Labour force status not stated (%),,0.3,,,,,0.6,,,
LFMIG_7,Labour force status of persons born overseas - Persons aged 15 years and over - Census,Overseas born population aged 15 years and over (no.),,6361,,,,,7263,,,
INCMIG_2,Total personal income (weekly) of persons born overseas - Persons aged 15 years and over - Census,$1-$499 per week (%),,20.7,,,,,19.2,,,
INCMIG_3,Total personal income (weekly) of persons born overseas - Persons aged 15 years and over - Census,$500-$999 per week (%),,24.3,,,,,21.7,,,
INCMIG_4,Total personal income (weekly) of persons born overseas - Persons aged 15 years and over - Census,$1000-$1999 per week (%),,28.1,,,,,31.3,,,
INCMIG_5,Total personal income (weekly) of persons born overseas - Persons aged 15 years and over - Census,$2000-$2999 per week (%),,6.7,,,,,8.9,,,
INCMIG_6,Total personal income (weekly) of persons born overseas - Persons aged 15 years and over - Census,$3000 or more per week (%),,3.7,,,,,5.9,,,
INCMIG_7,Total personal income (weekly) of persons born overseas - Persons aged 15 years and over - Census,Nil income (%),,13.9,,,,,10.9,,,
INCMIG_8,Total personal income (weekly) of persons born overseas - Persons aged 15 years and over - Census,Negative income (%),,0.6,,,,,0.5,,,
INCMIG_9,Total personal income (weekly) of persons born overseas - Persons aged 15 years and over - Census,Income inadequately described or not stated (%),,1.8,,,,,1.6,,,
LAND,Land area,Land area (ha),,,,,,,1180.4,,,
SOLAR_7,Solar installations - year ended 31 December,Small-scale solar panel system installations (no.),,,,326,414,552,422,347,296,
SOLAR_8,Solar installations - year ended 31 December,Solar water heater installations (no.),,,,10,10,11,5,14,8,
